source_record_id,result_rank,title,authors,year,doi,url,record_type,venue,notes
GS001,1,"Cross -Dataset Transformer-IDS with Calibration and AUC Optimization (Evaluated on NSL-KDD, UNSW-NB15, CIC-IDS2017).","C Xin, K Xu",2025,,https://openurl.ebsco.com/contentitem/gcd:193600133?sid=ebsco:plink:crawler-gcd&id=ebsco:gcd:193600133&crl=c&jrnl=25790072,journal-article,Journal of Cybersecurity (2579-0072),"Direct extraction of current Google Scholar result pages using the reported concept groups with spaces as source-specific AND syntax; current Scholar rank, not the historical rank; Scholar cluster 182041786770434387; cited-by count displayed 5"
GS002,2,A sequential deep learning framework for a robust and resilient network intrusion detection system,"S Hore, J Ghadermazi, A Shah, ND Bastian",2024,10.1016/j.cose.2024.103928,https://www.sciencedirect.com/science/article/pii/S0167404824002311,journal-article,Computers & Security,"Direct extraction of current Google Scholar result pages using the reported concept groups with spaces as source-specific AND syntax; current Scholar rank, not the historical rank; Scholar cluster 14877676500465414078; cited-by count displayed 61"
GS003,3,Few-shot network intrusion detection method based on multi-domain fusion and cross-attention,"C Xu, D Li, Z Liu, J Yang, Q Shen, N Tong",2025,10.1371/journal.pone.0327161,https://journals.plos.org/plosone/article?id=10.1371/journal.pone.0327161,journal-article,Plos one,"Direct extraction of current Google Scholar result pages using the reported concept groups with spaces as source-specific AND syntax; current Scholar rank, not the historical rank; Scholar cluster 9312811795847718474; cited-by count displayed 8"
GS004,4,Generative active adaptation for drifting and imbalanced network intrusion detection,"R Gupta, S Liu, R Zhang, X Hu, X Wang…",2025,10.48550/arXiv.2503.03022,https://arxiv.org/abs/2503.03022,posted-content,arXiv preprint arXiv …,"Direct extraction of current Google Scholar result pages using the reported concept groups with spaces as source-specific AND syntax; current Scholar rank, not the historical rank; Scholar cluster 13312417225947295849; cited-by count displayed 18"
GS005,5,SHAP Insights into Domain Adaptation in Netflow-Based Network Intrusion Detection Powered by Deep Learning,"M Pawlicki, S Szelest, R Kozik, M Choraś",2025,10.1007/978-3-032-00644-8_18,https://link.springer.com/chapter/10.1007/978-3-032-00644-8_18,book-chapter,International Conference on …,"Direct extraction of current Google Scholar result pages using the reported concept groups with spaces as source-specific AND syntax; current Scholar rank, not the historical rank; Scholar cluster 6744434912302577403; cited-by count displayed 0"
GS006,6,DATI-IDS: Domain adaptation and time-series imaging-based intrusion detection system for connected autonomous vehicles,"J Tan, L Huang, Z Xia, K Gu, W Hao…",2025,10.1109/tits.2025.3587750,https://ieeexplore.ieee.org/abstract/document/11095369/,journal-article,IEEE Transactions on …,"Direct extraction of current Google Scholar result pages using the reported concept groups with spaces as source-specific AND syntax; current Scholar rank, not the historical rank; Scholar cluster 5717645215874765075; cited-by count displayed 6; DOI verified from official publisher metadata"
GS007,7,Anomaly-based intrusion detection on benchmark datasets for network security: A comprehensive evaluation,"LKS Kumar, SR Nethi, R Uyyala, P Vurubindi…",2026,10.1038/s41598-026-38317-w,https://www.nature.com/articles/s41598-026-38317-w,journal-article,Scientific Reports,"Direct extraction of current Google Scholar result pages using the reported concept groups with spaces as source-specific AND syntax; current Scholar rank, not the historical rank; Scholar cluster 13603625880129930989; cited-by count displayed 7; verified publication date 2026-03-09"
GS008,8,OLIDA-IDS: Online learning with integrated domain adaptation for intrusion detection systems,"J Violos, C Krikas, P Sarantos…",2025,,https://ieeexplore.ieee.org/abstract/document/11431867/,journal-article,… 2025-,"Direct extraction of current Google Scholar result pages using the reported concept groups with spaces as source-specific AND syntax; current Scholar rank, not the historical rank; Scholar cluster 7930383883692937546; cited-by count displayed 1"
GS009,9,"Deep Learning for Contextualized NetFlow-Based Network Intrusion Detection : Methods, Data, Evaluation and Deployment","AE Mahdaouy, IA Yahia, S Oualil, I Berrada",2026,10.48550/arXiv.2602.05594,https://arxiv.org/abs/2602.05594,posted-content,arXiv preprint arXiv …,"Direct extraction of current Google Scholar result pages using the reported concept groups with spaces as source-specific AND syntax; current Scholar rank, not the historical rank; Scholar cluster 9775148401472288101; cited-by count displayed 2; verified arXiv first-submission date 2026-02-05"
GS010,10,WOA-SA: Optimizing NIDS with enhanced deep learning for zero -day attack detection,"MS HABEEB, TR BABU",2024,,https://www.researchgate.net/profile/Mohammed-Habeeb-2/publication/382636647_WOA-SA_OPTIMIZING_NIDS_WITH_ENHANCED_DEEP_LEARNING_FOR_ZERO-DAY_ATTACK_DETECTION/links/66a67edfc6e41359a8468d7d/WOA-SA-OPTIMIZING-NIDS-WITH-ENHANCED-DEEP-LEARNING-FOR-ZERO-DAY-ATTACK-DETECTION.pdf,journal-article,Journal of Jilin University (Engineering …,"Direct extraction of current Google Scholar result pages using the reported concept groups with spaces as source-specific AND syntax; current Scholar rank, not the historical rank; Scholar cluster 3144013056636920633; cited-by count displayed 6"
GS011,11,A Survey on the Applications of Deep Learning in Network Intrusion Detection Systems to Enhance Network Security,"FM Anis, M AlAbdullatif, S Aljbli, M Hammoudeh",2025,10.1109/access.2025.3624952,https://ieeexplore.ieee.org/abstract/document/11215731/,journal-article,IEEE Access,"Direct extraction of current Google Scholar result pages using the reported concept groups with spaces as source-specific AND syntax; current Scholar rank, not the historical rank; Scholar cluster 499924022661479812; cited-by count displayed 22"
GS012,12,Intrusion Detection in Heterogeneous Networks with Domain-Adaptive Multi-Modal Learning,"MU Varghese, Z Taghiyarrenani",2025,10.48550/arXiv.2508.03517,https://arxiv.org/abs/2508.03517,posted-content,arXiv preprint arXiv:2508.03517,"Direct extraction of current Google Scholar result pages using the reported concept groups with spaces as source-specific AND syntax; current Scholar rank, not the historical rank; Scholar cluster 6518353589483937388; cited-by count displayed 3"
GS013,13,A big data framework for scalable and cross -dataset capable machine learning in network intrusion detection systems,"VM De Oliveira, HM De Oliveira, GM Santos…",2025,10.1109/access.2025.3589872,https://ieeexplore.ieee.org/abstract/document/11082153/,journal-article,IEEE…,"Direct extraction of current Google Scholar result pages using the reported concept groups with spaces as source-specific AND syntax; current Scholar rank, not the historical rank; Scholar cluster 4032006345616923601; cited-by count displayed 14"
GS014,14,On the cross -dataset generalization of machine learning for network intrusion detection,"M Cantone, C Marrocco, A Bria",2024,10.48550/arXiv.2402.10974,https://arxiv.org/abs/2402.10974,posted-content,arXiv preprint arXiv:2402.10974,"Direct extraction of current Google Scholar result pages using the reported concept groups with spaces as source-specific AND syntax; current Scholar rank, not the historical rank; Scholar cluster 8059877489542110226; cited-by count displayed 26"
GS015,15,WOA-SA: Optimizing NIDS with enhanced deep learning for zero -day attack detection,"MS HABEEB, TR BABU",2024,,https://www.researchgate.net/profile/Mohammed-Habeeb-2/publication/382636647_WOA-SA_OPTIMIZING_NIDS_WITH_ENHANCED_DEEP_LEARNING_FOR_ZERO-DAY_ATTACK_DETECTION/links/66a67edfc6e41359a8468d7d/WOA-SA-OPTIMIZING-NIDS-WITH-ENHANCED-DEEP-LEARNING-FOR-ZERO-DAY-ATTACK-DETECTION.pdf,journal-article,Journal of Jilin University (Engineering…,"Direct extraction of current Google Scholar result pages using the reported concept groups with spaces as source-specific AND syntax; current Scholar rank, not the historical rank; Scholar cluster 3144013056636920633; cited-by count displayed 6"
GS016,16,Unveiling the Generalizability Gap: A Cross-Domain Evaluation of Machine Learning Algorithms for Network Intrusion Detection,"MI Amin, M Shen, SUA Laghari…",2024,,https://ieeexplore.ieee.org/abstract/document/11119949/,journal-article,,"Direct extraction of current Google Scholar result pages using the reported concept groups with spaces as source-specific AND syntax; current Scholar rank, not the historical rank; cited-by count displayed 0"
GS017,17,Machine learning in network intrusion detection : A cross -dataset generalization study,"M Cantone, C Marrocco, A Bria",2024,10.1109/access.2024.3472907,https://ieeexplore.ieee.org/abstract/document/10704637/,journal-article,IEEE Access,"Direct extraction of current Google Scholar result pages using the reported concept groups with spaces as source-specific AND syntax; current Scholar rank, not the historical rank; Scholar cluster 10975021129984342185; cited-by count displayed 68"
GS018,18,Transfer Learning with CNNs for Cross -Dataset Network Anomaly Detection in Heterogeneous Cybersecurity Environments,L Ridwan,2025,,https://www.researchgate.net/profile/Noora-Qahtani/publication/395924463_Transfer_Learning_with_CNNs_for_Cross-Dataset_Network_Anomaly_Detection_in_Heterogeneous_Cybersecurity_Environments/links/68d85bfeffdca73694b3cdb6/Transfer-Learning-with-CNNs-for-Cross-Dataset-Network-Anomaly-Detection-in-Heterogeneous-Cybersecurity-Environments.pdf,journal-article,,"Direct extraction of current Google Scholar result pages using the reported concept groups with spaces as source-specific AND syntax; current Scholar rank, not the historical rank; cited-by count displayed 0"
GS019,19,CNN channel attention intrusion detection system using NSL-KDD dataset,"FS Alrayes, M Zakariah, SU Amin, ZI Khan…",2024,10.32604/cmc.2024.050586,https://www.sciopen.com/article/10.32604/cmc.2024.050586,journal-article,"Computers, Materials &…","Direct extraction of current Google Scholar result pages using the reported concept groups with spaces as source-specific AND syntax; current Scholar rank, not the historical rank; Scholar cluster 12119868755707069018; cited-by count displayed 55"
GS020,20,NIDS -CBAD: detecting adversarial attacks in network intrusion detection systems using domain constraints,"V Kumar, K Kumar, M Singh",2025,10.1007/s13042-024-02506-8,https://link.springer.com/article/10.1007/s13042-024-02506-8,journal-article,International Journal of Machine Learning…,"Direct extraction of current Google Scholar result pages using the reported concept groups with spaces as source-specific AND syntax; current Scholar rank, not the historical rank; Scholar cluster 13715425685780131692; cited-by count displayed 5"
GS021,21,Learn-ids: Bridging gaps between datasets and learning-based network intrusion detection,"M Wang, N Yang, Y Guo, N Weng",2024,,https://www.mdpi.com/2079-9292/13/6/1072,journal-article,Electronics,"Direct extraction of current Google Scholar result pages using the reported concept groups with spaces as source-specific AND syntax; current Scholar rank, not the historical rank; Scholar cluster 882223374837489618; cited-by count displayed 20"
GS022,22,DATI-IDS: Domain adaptation and time-series imaging-based intrusion detection system for connected autonomous vehicles,"J Tan, L Huang, Z Xia, K Gu, W Hao…",2025,10.1109/tits.2025.3587750,https://ieeexplore.ieee.org/abstract/document/11095369/,journal-article,IEEE Transactions on…,"Direct extraction of current Google Scholar result pages using the reported concept groups with spaces as source-specific AND syntax; current Scholar rank, not the historical rank; Scholar cluster 5717645215874765075; cited-by count displayed 6; DOI verified from official publisher metadata"
GS023,23,"Deep Learning for Contextualized NetFlow-Based Network Intrusion Detection : Methods, Data, Evaluation and Deployment","AE Mahdaouy, IA Yahia, S Oualil, I Berrada",2026,10.48550/arXiv.2602.05594,https://arxiv.org/abs/2602.05594,posted-content,arXiv preprint arXiv…,"Direct extraction of current Google Scholar result pages using the reported concept groups with spaces as source-specific AND syntax; current Scholar rank, not the historical rank; Scholar cluster 9775148401472288101; cited-by count displayed 2; verified arXiv first-submission date 2026-02-05"
GS024,24,Industrial network intrusion detection in open -set scenarios,"W Yu, Z Chen, H Wang, Z Miao, D Zhong",2025,10.1007/s10207-024-00949-2,https://link.springer.com/article/10.1007/s10207-024-00949-2,journal-article,International Journal of…,"Direct extraction of current Google Scholar result pages using the reported concept groups with spaces as source-specific AND syntax; current Scholar rank, not the historical rank; Scholar cluster 16799010406434851936; cited-by count displayed 10"
GS025,25,Open -set recognition in unknown DDoS attacks detection with reciprocal points learning,"CS Shieh, FA Ho, MF Horng, TT Nguyen…",2024,,https://ieeexplore.ieee.org/abstract/document/10497567/,journal-article,IEEE…,"Direct extraction of current Google Scholar result pages using the reported concept groups with spaces as source-specific AND syntax; current Scholar rank, not the historical rank; Scholar cluster 11945536698514602836; cited-by count displayed 28"
GS026,27,A multi-agent adaptive deep learning framework for online intrusion detection,"M Soltani, K Khajavi, M Jafari Siavoshani, AH Jahangir",2024,10.1186/s42400-023-00199-0,https://link.springer.com/article/10.1186/s42400-023-00199-0,journal-article,Cybersecurity,"Direct extraction of current Google Scholar result pages using the reported concept groups with spaces as source-specific AND syntax; current Scholar rank, not the historical rank; Scholar cluster 10400680062227249784; cited-by count displayed 62"
GS027,28,Enhanced Adversarial Domain Adaptation for Intrusion Detection Systems,"I Guerziz, Z Abou El Houda…",2025,,https://ieeexplore.ieee.org/abstract/document/11257501/,journal-article,,"Direct extraction of current Google Scholar result pages using the reported concept groups with spaces as source-specific AND syntax; current Scholar rank, not the historical rank; Scholar cluster 5385922138846194342; cited-by count displayed 2"
GS028,29,A Semi-Supervised Meta-Negative-Learning Approach to Few-Shot Network Intrusion Detection in Internet of Things,"M Wu, Y Zheng, Y Yang, J Luo…",2026,10.1109/jiot.2026.3653672,https://ieeexplore.ieee.org/abstract/document/11348114/,journal-article,IEEE Internet of Things…,"Direct extraction of current Google Scholar result pages using the reported concept groups with spaces as source-specific AND syntax; current Scholar rank, not the historical rank; Scholar cluster 230903981240873585; cited-by count displayed 1; verified IEEE publication date 2026-01-13"
GS029,30,Deep learning -based network intrusion detection systems: a systematic literature review,"LL Mutembei, MC Senekane, T van Zyl",2024,10.1007/978-3-031-78255-8_13,https://link.springer.com/chapter/10.1007/978-3-031-78255-8_13,book-chapter,Southern African Conference for…,"Direct extraction of current Google Scholar result pages using the reported concept groups with spaces as source-specific AND syntax; current Scholar rank, not the historical rank; Scholar cluster 15919111538147613763; cited-by count displayed 6"
GS030,31,Highly accurate anomaly based intrusion detection through integration of the local outlier factor and convolutional neural network,"R Rabih, H Vahdat-Nejad, W Mansoor, JH Joloudari",2025,10.1038/s41598-025-08175-z,https://www.nature.com/articles/s41598-025-08175-z,journal-article,Scientific Reports,"Direct extraction of current Google Scholar result pages using the reported concept groups with spaces as source-specific AND syntax; current Scholar rank, not the historical rank; Scholar cluster 18068152445532675798; cited-by count displayed 11"
GS031,32,Machine learning and deep learning techniques for internet of things network anomaly detection —current research trends,"SH Rafique, A Abdallah, NS Musa, T Murugan",2024,,https://www.mdpi.com/1424-8220/24/6/1968,journal-article,Sensors,"Direct extraction of current Google Scholar result pages using the reported concept groups with spaces as source-specific AND syntax; current Scholar rank, not the historical rank; Scholar cluster 8129716881245510628; cited-by count displayed 199"
GS032,33,NIDS Neural Networks Using Sliding Time Window Data Processing with Trainable Activations and its Generalization Capability,"A Raskovalov, N Gabdullin, I Androsov",2024,10.48550/arXiv.2410.18658,https://arxiv.org/abs/2410.18658,posted-content,arXiv preprint arXiv:2410.18658,"Direct extraction of current Google Scholar result pages using the reported concept groups with spaces as source-specific AND syntax; current Scholar rank, not the historical rank; Scholar cluster 10550555234867374910; cited-by count displayed 1"
GS033,34,Cross-Domain Adversarial Alignment for Network Anomaly Detection Through Behavioral Embedding Enrichment,"C Salvador-Najar, LJ Domínguez Pérez",2025,,https://www.mdpi.com/2073-431X/14/11/450,journal-article,Computers,"Direct extraction of current Google Scholar result pages using the reported concept groups with spaces as source-specific AND syntax; current Scholar rank, not the historical rank; Scholar cluster 73862307637874384; cited-by count displayed 0"
GS034,35,An Evaluation of Open -Set Recognition-Enabled End-Layers on Deep -Learning Models in Network Intrusion Detection Systems,"G Baye, P Silva, A Broggi, L Fiondella…",2024,10.2139/ssrn.4933825,https://papers.ssrn.com/sol3/papers.cfm?abstract_id=4933825,posted-content,Available at SSRN…,"Direct extraction of current Google Scholar result pages using the reported concept groups with spaces as source-specific AND syntax; current Scholar rank, not the historical rank; Scholar cluster 11678494455139729451; cited-by count displayed 2"
GS035,36,Network intrusion detection system based on domain adaptation for industrial control system,"J Zhang, L Yu, F Zhang",2024,,https://books.google.com/books?hl=en&lr=&id=nAL6EAAAQBAJ&oi=fnd&pg=PA430&dq=(%22network+intrusion+detection%22+OR+NIDS+OR+%22network+anomaly+detection%22,book-chapter,Artificial Intelligence Technologies and…,"Direct extraction of current Google Scholar result pages using the reported concept groups with spaces as source-specific AND syntax; current Scholar rank, not the historical rank; Scholar cluster 5046972933354939658; cited-by count displayed 1"
GS036,37,A review on generative intelligence in deep learning based network intrusion detection,"M Ali, I Udoidiok, F Li, J Zhang",2024,,https://ieeexplore.ieee.org/abstract/document/10778836/,journal-article,,"Direct extraction of current Google Scholar result pages using the reported concept groups with spaces as source-specific AND syntax; current Scholar rank, not the historical rank; Scholar cluster 15598692136973582392; cited-by count displayed 7"
GS037,38,Zero-shot based hybrid neural network system for enhancing zero -day attack detection,"K Saurabh, U Singh, A Mishra, R Vyas…",2024,,https://ieeexplore.ieee.org/abstract/document/10958486/,journal-article,,"Direct extraction of current Google Scholar result pages using the reported concept groups with spaces as source-specific AND syntax; current Scholar rank, not the historical rank; Scholar cluster 11733312279520192163; cited-by count displayed 8"
GS038,39,Deep learning techniques for network intrusion detection : A comparative survey,"AP AbdelHalim, A Abo-Alian, N Badr",2025,,https://journals.ekb.eg/article_442991.html,journal-article,International Journal of…,"Direct extraction of current Google Scholar result pages using the reported concept groups with spaces as source-specific AND syntax; current Scholar rank, not the historical rank; Scholar cluster 10620970004166106540; cited-by count displayed 6"
GS039,40,Heterogeneous network intrusion detection via domain adaptation in IoT environment,"J Zhang, Y Li, L Zhang",2025,10.1002/itl2.531,https://onlinelibrary.wiley.com/doi/abs/10.1002/itl2.531,journal-article,Internet Technology Letters,"Direct extraction of current Google Scholar result pages using the reported concept groups with spaces as source-specific AND syntax; current Scholar rank, not the historical rank; Scholar cluster 990822229244473330; cited-by count displayed 11"
GS040,41,FN-GNN: A novel graph embedding approach for enhancing graph neural networks in network intrusion detection systems,"DH Tran, M Park",2024,,https://www.mdpi.com/2076-3417/14/16/6932,journal-article,Applied Sciences,"Direct extraction of current Google Scholar result pages using the reported concept groups with spaces as source-specific AND syntax; current Scholar rank, not the historical rank; Scholar cluster 5012808637476709901; cited-by count displayed 80"
GS041,42,Research on Multi Modal Network Intrusion Detection Method Based on Deep Neural Network,W Huang,2025,,https://ieeexplore.ieee.org/abstract/document/11307453/,journal-article,,"Direct extraction of current Google Scholar result pages using the reported concept groups with spaces as source-specific AND syntax; current Scholar rank, not the historical rank; Scholar cluster 16659534533132438328; cited-by count displayed 1"
GS042,43,Advancing Network Security Through Deep Learning : A Hybrid Graph-Based and Temporal Approach to Anomaly and Threat Detection,"A Arindam, AS Baghel",2025,10.22214/ijraset.2025.71415,https://www.researchgate.net/profile/Abhirup-Arindam/publication/392266463_Advancing_Network_Security_Through_Deep_Learning_A_Hybrid_Graph-Based_and_Temporal_Approach_to_Anomaly_and_Threat_Detection/links/68488ee26b5a287c304a5a41/Advancing-Network-Security-Through-Deep-Learning-A-Hybrid-Graph-Based-and-Temporal-Approach-to-Anomaly-and-Threat-Detection.pdf,journal-article,researchgate.net,"Direct extraction of current Google Scholar result pages using the reported concept groups with spaces as source-specific AND syntax; current Scholar rank, not the historical rank; Scholar cluster 6247234606767423618; cited-by count displayed 5; verified publisher date 2025-05-21"
GS043,44,Network anomaly detection using Deep Autoencoder and parallel Artificial Bee Colony algorithm-trained neural network,"H Hacılar, BK Dedeturk, B Bakir-Gungor…",2024,,https://peerj.com/articles/cs-2333/,journal-article,PeerJ Computer…,"Direct extraction of current Google Scholar result pages using the reported concept groups with spaces as source-specific AND syntax; current Scholar rank, not the historical rank; Scholar cluster 9301883367399841067; cited-by count displayed 10"
GS044,45,ADAP-GNN: Adaptive property-aware graph neural network for intrusion detection in IoT networks,"M Termos, Z Ghalmane, A Fadlallah, A Jaber…",2026,10.1016/j.compeleceng.2026.111051,https://www.sciencedirect.com/science/article/pii/S0045790626001230,journal-article,Computers and…,"Direct extraction of current Google Scholar result pages using the reported concept groups with spaces as source-specific AND syntax; current Scholar rank, not the historical rank; Scholar cluster 10568900907243326236; cited-by count displayed 3; verified online-indexing date 2026-02-16; May 2026 issue"
GS045,46,A privacy-preserving graph neural network for network intrusion detection,"X Pei, X Deng, S Tian, P Jiang…",2024,,https://ieeexplore.ieee.org/abstract/document/10568382/,journal-article,IEEE Transactions on…,"Direct extraction of current Google Scholar result pages using the reported concept groups with spaces as source-specific AND syntax; current Scholar rank, not the historical rank; Scholar cluster 9780375209711220601; cited-by count displayed 18"
GS046,47,Network intrusion detection with feature elimination and selection using deep learning,"A Mann, MV Kiran, B Nithya…",2024,,https://ieeexplore.ieee.org/abstract/document/10543897/,proceedings-article,…Conference on Emerging…,"Direct extraction of current Google Scholar result pages using the reported concept groups with spaces as source-specific AND syntax; current Scholar rank, not the historical rank; Scholar cluster 40875913357608124; cited-by count displayed 1"
GS047,48,A Two-Stage Deep Learning Framework Based on Device Address Features for Network Intrusion Detection,"Y Fan, Y Ma, X Liu, J Ma",2025,10.1007/978-3-031-94898-5_45,https://link.springer.com/chapter/10.1007/978-3-031-94898-5_45,book-chapter,International Conference on Machine Learning…,"Direct extraction of current Google Scholar result pages using the reported concept groups with spaces as source-specific AND syntax; current Scholar rank, not the historical rank; Scholar cluster 7864871312447924245; cited-by count displayed 1"
GS048,49,Evaluation of Anomaly-based Network Intrusion Detection Systems with Unclean Training Data for Low-rate Attack Detection,"AO Prabowo, DJ Arrizki, BA Pratomo, AI Fajar…",2026,10.3390/jcp6010014,https://www.mdpi.com/2624-800X/6/1/14,journal-article,…of Cybersecurity and…,"Direct extraction of current Google Scholar result pages using the reported concept groups with spaces as source-specific AND syntax; current Scholar rank, not the historical rank; Scholar cluster 2658766611712507995; cited-by count displayed 2; verified publisher date 2026-01-06"
GS049,50,AI-Driven Intrusion Detection Systems: Leveraging deep learning for network security,"M Joshi, S Birla, H Pal, K Khatri, M Kadwal…",2024,,https://www.academia.edu/download/118713454/44.pdf,journal-article,Nanotechnology…,"Direct extraction of current Google Scholar result pages using the reported concept groups with spaces as source-specific AND syntax; current Scholar rank, not the historical rank; Scholar cluster 11734038520455045005; cited-by count displayed 7"
GS050,51,Modular deep learning -based network intrusion detection architecture for real-world cyber-attack simulation,"V Ciric, M Milosevic, D Sokolovic…",2024,,https://www.sciencedirect.com/science/article/pii/S1569190X24000303,journal-article,…Modelling Practice and…,"Direct extraction of current Google Scholar result pages using the reported concept groups with spaces as source-specific AND syntax; current Scholar rank, not the historical rank; Scholar cluster 14064180497000788915; cited-by count displayed 18"
GS051,52,Neuro-symbolic integration for open set recognition in network intrusion detection,"A Bizzarri, CE Yu, B Jalaian, F Riguzzi…",2024,10.1007/978-3-031-80607-0_5,https://link.springer.com/chapter/10.1007/978-3-031-80607-0_5,book-chapter,…Conference of the Italian…,"Direct extraction of current Google Scholar result pages using the reported concept groups with spaces as source-specific AND syntax; current Scholar rank, not the historical rank; Scholar cluster 15900560299140460519; cited-by count displayed 7"
GS052,53,Adaptive defense: Zero -day attack detection in nids with deep reinforcement learning,"K Alam, MF Monir, MJ Hossain, MS Uddin…",2025,10.1109/access.2025.3585445,https://ieeexplore.ieee.org/abstract/document/11063272/,journal-article,IEEE…,"Direct extraction of current Google Scholar result pages using the reported concept groups with spaces as source-specific AND syntax; current Scholar rank, not the historical rank; Scholar cluster 15808125585467460146; cited-by count displayed 31"
GS053,54,Uncertainty -quantified neurosymbolic ai for open set recognition in network intrusion detection,"J Sander, CEJ Yu, B Jalaian…",2024,,https://ieeexplore.ieee.org/abstract/document/10773953/,proceedings-article,MILCOM 2024-2024…,"Direct extraction of current Google Scholar result pages using the reported concept groups with spaces as source-specific AND syntax; current Scholar rank, not the historical rank; Scholar cluster 16979315197085945632; cited-by count displayed 9"
GS054,55,An advanced attack categorization in NIDS using enhanced deep learning based EOptResfEANet methodology with hybrid feature extraction,"VA Moudiappa, K Nataraj, VN Rajavarman",2025,10.1007/s10586-024-04995-2,https://link.springer.com/article/10.1007/s10586-024-04995-2,journal-article,Cluster Computing,"Direct extraction of current Google Scholar result pages using the reported concept groups with spaces as source-specific AND syntax; current Scholar rank, not the historical rank; Scholar cluster 2688223745561952868; cited-by count displayed 1"
GS055,56,A comparative study of using deep learning algorithms in network intrusion detection,"S Elsayed, K Mohamed, MA Madkour",2024,,https://ieeexplore.ieee.org/abstract/document/10500368/,journal-article,IEEE Access,"Direct extraction of current Google Scholar result pages using the reported concept groups with spaces as source-specific AND syntax; current Scholar rank, not the historical rank; Scholar cluster 715253097737006017; cited-by count displayed 112"
GS056,57,Optimizing intrusion detection using a hybrid CNN LSTM deep learning framework on the NSL KDD dataset,"V Jain, K Singh, S Joshi, L Malviya, R Patel, V Gupta…",2026,10.1007/s10791-026-10056-6,https://link.springer.com/article/10.1007/s10791-026-10056-6,journal-article,Discover…,"Direct extraction of current Google Scholar result pages using the reported concept groups with spaces as source-specific AND syntax; current Scholar rank, not the historical rank; Scholar cluster 11969061176425851796; cited-by count displayed 1; verified publisher date 2026-04-03"
GS057,58,A deep learning /machine learning approach for anomaly based network intrusion detection,"R Almuhanna, S Dardouri",2025,10.3389/frai.2025.1625891,https://www.frontiersin.org/journals/artificial-intelligence/articles/10.3389/frai.2025.1625891/full,journal-article,Frontiers in Artificial Intelligence,"Direct extraction of current Google Scholar result pages using the reported concept groups with spaces as source-specific AND syntax; current Scholar rank, not the historical rank; Scholar cluster 17587393759217944310; cited-by count displayed 44"
GS058,59,An extensive review of machine learning and deep learning techniques on network intrusion detection for IoT,"S Walling, S Lodh",2025,10.1002/ett.70064,https://onlinelibrary.wiley.com/doi/abs/10.1002/ett.70064,journal-article,Transactions on Emerging…,"Direct extraction of current Google Scholar result pages using the reported concept groups with spaces as source-specific AND syntax; current Scholar rank, not the historical rank; Scholar cluster 818316620079436202; cited-by count displayed 44"
GS059,60,K-GetNID: Knowledge-guided graphs for early and transferable network intrusion detection,"M Wang, N Yang, N Weng",2024,,https://ieeexplore.ieee.org/abstract/document/10605850/,journal-article,IEEE Transactions on Information…,"Direct extraction of current Google Scholar result pages using the reported concept groups with spaces as source-specific AND syntax; current Scholar rank, not the historical rank; Scholar cluster 1414718790185371050; cited-by count displayed 20"
GS060,61,Adaptive Decision-Level Intrusion Detection for Known and Zero -Day Attacks,"JP Mchina, N Mduma, RS Sinde",2026,10.3390/network6020023,https://www.mdpi.com/2673-8732/6/2/23,journal-article,Network,"Direct extraction of current Google Scholar result pages using the reported concept groups with spaces as source-specific AND syntax; current Scholar rank, not the historical rank; Scholar cluster 500414885744251735; cited-by count displayed 2; verified publisher date 2026-04-09"
GS061,62,An active learning framework using deep Q-network for zero -day attack detection,"Y Wu, Y Hu, J Wang, M Feng, A Dong, Y Yang",2024,10.1016/j.cose.2024.103713,https://www.sciencedirect.com/science/article/pii/S0167404824000142,journal-article,Computers & Security,"Direct extraction of current Google Scholar result pages using the reported concept groups with spaces as source-specific AND syntax; current Scholar rank, not the historical rank; Scholar cluster 13998280950759517917; cited-by count displayed 43"
GS062,63,Network Intrusion Detection using Combined Deep Learning Models: Literature Survey and Future Research Directions.,"H KAMAL IDRISSI, A KARTIT",2024,,https://www.iaeng.org/IJCS/issues_v51/issue_8/IJCS_51_8_06.pdf,journal-article,IAENG International Journal of Computer…,"Direct extraction of current Google Scholar result pages using the reported concept groups with spaces as source-specific AND syntax; current Scholar rank, not the historical rank; Scholar cluster 16374681555339422701; cited-by count displayed 9"
GS063,64,Enhanced network anomaly detection using autoencoders: A deep learning approach for proactive cybersecurity,"J Simon, N Kapileswar, R Vani…",2024,,https://ieeexplore.ieee.org/abstract/document/10696845/,journal-article,…on Intelligent Cyber…,"Direct extraction of current Google Scholar result pages using the reported concept groups with spaces as source-specific AND syntax; current Scholar rank, not the historical rank; Scholar cluster 17523533899843221690; cited-by count displayed 18"
GS064,65,A synergistic approach in network intrusion detection by neurosymbolic ai,"A Bizzarri, CE Yu, B Jalaian, F Riguzzi…",2024,10.48550/arXiv.2406.00938,https://arxiv.org/abs/2406.00938,posted-content,arXiv preprint arXiv…,"Direct extraction of current Google Scholar result pages using the reported concept groups with spaces as source-specific AND syntax; current Scholar rank, not the historical rank; Scholar cluster 17425358335940674440; cited-by count displayed 19"
GS065,66,Explainable AI Meets Synthetic Data: A Deep Learning Framework for Detecting Network Intrusion in NextG Network Infrastructure,"MJ Hossain, K Alam, MF Monir, MM Hoque…",2025,,https://ieeexplore.ieee.org/abstract/document/11069291/,journal-article,IEEE…,"Direct extraction of current Google Scholar result pages using the reported concept groups with spaces as source-specific AND syntax; current Scholar rank, not the historical rank; Scholar cluster 12544083577893452014; cited-by count displayed 13"
GS066,68,Wasserstein distance guided feature Tokenizer transformer domain adaptation for network intrusion detection,"H Zhang, Z Zhang, H Huang, H Yang",2025,10.1016/j.cose.2025.104562,https://www.sciencedirect.com/science/article/pii/S0167404825002512,journal-article,Computers & Security,"Direct extraction of current Google Scholar result pages using the reported concept groups with spaces as source-specific AND syntax; current Scholar rank, not the historical rank; Scholar cluster 2849759494233699417; cited-by count displayed 4"
GS067,69,Design and validation of a deep learning -based network intrusion detection algorithm,"W Dai, Y Liu, Q Diao",2026,10.1007/s44163-026-00958-1,https://link.springer.com/article/10.1007/s44163-026-00958-1,journal-article,Discover Artificial Intelligence,"Direct extraction of current Google Scholar result pages using the reported concept groups with spaces as source-specific AND syntax; current Scholar rank, not the historical rank; Scholar cluster 16180083808221462222; cited-by count displayed 2; verified publisher date 2026-02-22"
GS068,70,"[C]The rise of ai-driven network intrusion detection systems: Innovations, challenges, and future directions",MSRS Raja,2025,,,journal-article,"International Journal of AI, BigData, Computational and…","Direct extraction of current Google Scholar result pages using the reported concept groups with spaces as source-specific AND syntax; current Scholar rank, not the historical rank; Scholar cluster 10953576351119114514; cited-by count displayed 17"
GS069,71,Deep learning -based network intrusion detection in smart healthcare enterprise systems,V Ravi,2024,10.1007/s11042-023-17300-x,https://link.springer.com/article/10.1007/s11042-023-17300-x,journal-article,Multimedia Tools and Applications,"Direct extraction of current Google Scholar result pages using the reported concept groups with spaces as source-specific AND syntax; current Scholar rank, not the historical rank; Scholar cluster 7360787012530155981; cited-by count displayed 26"
GS070,72,Adaptive network intrusion detection systems against performance degradation via model agnostic meta-learning,"G Ekinci, A Broggi, L Fiondella, ND Bastian…",2024,10.1145/3689935.3690396,https://dl.acm.org/doi/abs/10.1145/3689935.3690396,proceedings-article,Proceedings of the 11th…,"Direct extraction of current Google Scholar result pages using the reported concept groups with spaces as source-specific AND syntax; current Scholar rank, not the historical rank; Scholar cluster 17721814364349545868; cited-by count displayed 9"
GS071,73,Elevated few-shot network intrusion detection via self-attention mechanisms and iterative refinement,"C Xu, Y Zhan, G Chen, Z Wang, S Liu, W Hu",2025,10.1371/journal.pone.0317713,https://journals.plos.org/plosone/article?id=10.1371/journal.pone.0317713,journal-article,PloS one,"Direct extraction of current Google Scholar result pages using the reported concept groups with spaces as source-specific AND syntax; current Scholar rank, not the historical rank; Scholar cluster 15338413723978426721; cited-by count displayed 19"
GS072,74,Copula entropy regularization transformer with C2 variational autoencoder and fine-tuned hybrid DL model for network intrusion detection,"S Akkepalli, K Sagar",2025,,https://www.sciencedirect.com/science/article/pii/S2772503024000689,journal-article,Telematics and Informatics Reports,"Direct extraction of current Google Scholar result pages using the reported concept groups with spaces as source-specific AND syntax; current Scholar rank, not the historical rank; Scholar cluster 12679476120030371522; cited-by count displayed 10"
GS073,75,A Hybrid Deep Learning Framework for Efficient Network Intrusion Detection Systems using Data Augmentation,"PS Muller, K Madhavi, B Prasanthi…",2025,,https://ieeexplore.ieee.org/abstract/document/10968940/,journal-article,,"Direct extraction of current Google Scholar result pages using the reported concept groups with spaces as source-specific AND syntax; current Scholar rank, not the historical rank; Scholar cluster 15296075641898356286; cited-by count displayed 7"
GS074,76,Resilient Wireless Communications with Selective Deep Neural Network Classification,"AQMS Sayyed, J Ashdown, M De Lucia…",2025,,https://ieeexplore.ieee.org/abstract/document/11310295/,proceedings-article,MILCOM 2025-2025…,"Direct extraction of current Google Scholar result pages using the reported concept groups with spaces as source-specific AND syntax; current Scholar rank, not the historical rank; Scholar cluster 5990353894902874176; cited-by count displayed 2"
GS075,77,Enhanced anomaly network intrusion detection using an improved snow ablation optimizer with dimensionality reduction and hybrid deep learning model,"F Alhayan, A Alshuhail, AOA Ismail, O Alrusaini…",2025,10.1038/s41598-025-97398-1,https://www.nature.com/articles/s41598-025-97398-1,journal-article,Scientific Reports,"Direct extraction of current Google Scholar result pages using the reported concept groups with spaces as source-specific AND syntax; current Scholar rank, not the historical rank; Scholar cluster 11030179139228780551; cited-by count displayed 22"
GS076,78,A novel contrastive loss for zero -day network intrusion detection,"J Wilkie, H Hindy, C Michie, C Tachtatzis…",2026,10.1109/tnsm.2026.3652529,https://ieeexplore.ieee.org/abstract/document/11340750/,journal-article,…on Network and…,"Direct extraction of current Google Scholar result pages using the reported concept groups with spaces as source-specific AND syntax; current Scholar rank, not the historical rank; Scholar cluster 11035474008649450350; cited-by count displayed 4; verified IEEE publication date 2026-01-12"
GS077,79,Enhancing adversarial robustness in network intrusion detection : A novel adversarially trained neural network approach,"H Vahid, N Kofi",2025,,https://search.proquest.com/openview/9bf0e8df9a87b9fd57ec42dde4b7fceb/1?pq-origsite=gscholar&cbl=2032404,journal-article,Electronics,"Direct extraction of current Google Scholar result pages using the reported concept groups with spaces as source-specific AND syntax; current Scholar rank, not the historical rank; Scholar cluster 16654136088451588766; cited-by count displayed 23"
GS078,80,Multi-objective evolutionary neural architecture search for network intrusion detection,"Q Lin, Z Liu, Y Yang, KC Wong, Y Lu, J Li",2024,10.1016/j.swevo.2024.101702,https://www.sciencedirect.com/science/article/pii/S2210650224002402,journal-article,Swarm and Evolutionary…,"Direct extraction of current Google Scholar result pages using the reported concept groups with spaces as source-specific AND syntax; current Scholar rank, not the historical rank; Scholar cluster 3266693185796860622; cited-by count displayed 25; DOI verified from official publisher metadata"
GS079,81,Multi-objective evolutionary neural architecture search for network intrusion detection,"Q Lin, Z Liu, Y Yang, KC Wong, Y Lu, J Li",2024,10.1016/j.swevo.2024.101702,https://www.sciencedirect.com/science/article/pii/S2210650224002402,journal-article,Swarm and Evolutionary…,"Direct extraction of current Google Scholar result pages using the reported concept groups with spaces as source-specific AND syntax; current Scholar rank, not the historical rank; Scholar cluster 3266693185796860622; cited-by count displayed 25; DOI verified from official publisher metadata"
GS080,82,Bi-GAN-LDA for cybersecurity: A hybrid deep learning framework for advanced network anomaly detection,"P Singh, P Pranav, S Dutta",2025,10.1088/2631-8695/add4c8/meta,https://iopscience.iop.org/article/10.1088/2631-8695/add4c8/meta,journal-article,Engineering Research Express,"Direct extraction of current Google Scholar result pages using the reported concept groups with spaces as source-specific AND syntax; current Scholar rank, not the historical rank; Scholar cluster 9641259890596222986; cited-by count displayed 7"
GS081,83,Deep learning -based network anomaly detection and classification in an imbalanced cloud environment,"AD Vibhute, V Nakum",2024,,https://www.sciencedirect.com/science/article/pii/S1877050924001625,journal-article,Procedia Computer Science,"Direct extraction of current Google Scholar result pages using the reported concept groups with spaces as source-specific AND syntax; current Scholar rank, not the historical rank; Scholar cluster 8593291418699137340; cited-by count displayed 47"
GS082,84,Network Intrusion Detection System Using Convolutional Neural Network and Random Forest Classifiers,"VL Rismawan, ER Pramudya",2025,,https://jurnal.polbeng.ac.id/index.php/ISI/article/view/476/211,journal-article,INOVTEK Polbeng-Seri…,"Direct extraction of current Google Scholar result pages using the reported concept groups with spaces as source-specific AND syntax; current Scholar rank, not the historical rank; Scholar cluster 16768212852940519221; cited-by count displayed 4"
GS083,85,Real-Time Network Intrusion Detection System Using Deep Learning : Identifying Cyber Attacks Through Anomaly Pattern Recognition,R Chandra,2025,,https://www.jsrtjournal.com/index.php/JSRT/article/view/388,journal-article,Journal of Scientific Research and Technology,"Direct extraction of current Google Scholar result pages using the reported concept groups with spaces as source-specific AND syntax; current Scholar rank, not the historical rank; cited-by count displayed 0"
GS084,86,Deep learning based network intrusion detection for unmanned aerial vehicle (uav),"W Ahmad, MA Almaiah, A Ali…",2024,,https://ieeexplore.ieee.org/abstract/document/10541665/,journal-article,,"Direct extraction of current Google Scholar result pages using the reported concept groups with spaces as source-specific AND syntax; current Scholar rank, not the historical rank; Scholar cluster 17338449946435544657; cited-by count displayed 28"
GS085,87,GDLC: A new Graph Deep Learning framework based on centrality measures for intrusion detection in IoT networks,"M Termos, Z Ghalmane, A Fadlallah, A Jaber, M Zghal",2024,,https://www.sciencedirect.com/science/article/pii/S2542660524001550,journal-article,Internet of Things,"Direct extraction of current Google Scholar result pages using the reported concept groups with spaces as source-specific AND syntax; current Scholar rank, not the historical rank; Scholar cluster 1546416023216136133; cited-by count displayed 32"
GS086,88,Addressing modern cybersecurity challenges: A hybrid machine learning and deep learning approach for network intrusion detection,"K Bouzaachane, AM Alnajim, S Khan",2025,,https://www.sciencedirect.com/org/science/article/pii/S1546221825006083,journal-article,"Computers, Materials and…","Direct extraction of current Google Scholar result pages using the reported concept groups with spaces as source-specific AND syntax; current Scholar rank, not the historical rank; Scholar cluster 17294395339994296824; cited-by count displayed 8"
GS087,89,A hybrid deep learning model for network intrusion detection system using seq2seq and convlstm-subnets,"S Hariharan, YA Jerusha, G Suganeshwari…",2025,10.1109/access.2025.3541399,https://ieeexplore.ieee.org/abstract/document/10883985/,journal-article,IEEE…,"Direct extraction of current Google Scholar result pages using the reported concept groups with spaces as source-specific AND syntax; current Scholar rank, not the historical rank; Scholar cluster 16379062066242586483; cited-by count displayed 32"
GS088,90,A comparison of neural -network -based intrusion detection against signature-based detection in IoT networks,"M Schrötter, A Niemann, B Schnor",2024,,https://www.mdpi.com/2078-2489/15/3/164,journal-article,Information,"Direct extraction of current Google Scholar result pages using the reported concept groups with spaces as source-specific AND syntax; current Scholar rank, not the historical rank; Scholar cluster 8531140397025210171; cited-by count displayed 28"
GS089,91,Comprehensive review of advanced machine learning techniques for detecting and mitigating zero -day exploits,"N Mohamed, H Taherdoost…",2025,,https://pdfs.semanticscholar.org/ba1c/f8dd51d3827c1cbec818b45a4c28746a939a.pdf,journal-article,EAI Endorsed…,"Direct extraction of current Google Scholar result pages using the reported concept groups with spaces as source-specific AND syntax; current Scholar rank, not the historical rank; Scholar cluster 809928615032834808; cited-by count displayed 22"
GS090,92,Network intrusion detection and mitigation in SDN using deep learning models,"M Maddu, YN Rao",2024,10.1007/s10207-023-00771-2,https://link.springer.com/article/10.1007/s10207-023-00771-2,journal-article,International Journal of Information Security,"Direct extraction of current Google Scholar result pages using the reported concept groups with spaces as source-specific AND syntax; current Scholar rank, not the historical rank; Scholar cluster 6055376109211017382; cited-by count displayed 64"
GS091,93,Deep learning -based anomaly detection and log analysis for computer networks,"S Wang, R Jiang, Z Wang, Y Zhou",2024,10.48550/arXiv.2407.05639,https://arxiv.org/abs/2407.05639,posted-content,arXiv preprint arXiv:2407.05639,"Direct extraction of current Google Scholar result pages using the reported concept groups with spaces as source-specific AND syntax; current Scholar rank, not the historical rank; Scholar cluster 16722532903699670498; cited-by count displayed 85"
GS092,94,XMF-GNN: A cross-modality dynamic fusion heterogeneous graph neural network for network intrusion detection,"Z Ma, Y Liu, Y Chen, Z Liu, Y Li",2025,,https://www.sciencedirect.com/science/article/pii/S0925231225019575,journal-article,Neurocomputing,"Direct extraction of current Google Scholar result pages using the reported concept groups with spaces as source-specific AND syntax; current Scholar rank, not the historical rank; Scholar cluster 13436792063629210964; cited-by count displayed 16"
GS093,95,APSO-CNN-SE: An adaptive convolutional neural network approach for IoT intrusion detection,"Y Ban, D Zhang, Q He, Q Shen",2024,,https://www.sciencedirect.com/org/science/article/pii/S1546221824006921,journal-article,"Computers, Materials and Continua","Direct extraction of current Google Scholar result pages using the reported concept groups with spaces as source-specific AND syntax; current Scholar rank, not the historical rank; Scholar cluster 6813779267486066255; cited-by count displayed 13"
GS094,96,Current status and challenges and future trends of deep learning -based intrusion detection models,"Y Wu, B Zou, Y Cao",2024,,https://www.mdpi.com/2313-433X/10/10/254,journal-article,Journal of Imaging,"Direct extraction of current Google Scholar result pages using the reported concept groups with spaces as source-specific AND syntax; current Scholar rank, not the historical rank; Scholar cluster 7809625793608183084; cited-by count displayed 53"
GS095,97,Poisoning and evasion: Deep learning -based nids under adversarial attacks,"H Mohammadian, AH Lashkari…",2024,,https://ieeexplore.ieee.org/abstract/document/10788064/,journal-article,,"Direct extraction of current Google Scholar result pages using the reported concept groups with spaces as source-specific AND syntax; current Scholar rank, not the historical rank; Scholar cluster 5629295774881454283; cited-by count displayed 54"
GS096,98,[C]A comparative study of deep learning -based network intrusion detection system with explainable artificial intelligence.,"TJ Kai, LY Ong, MC Leow",2025,,,journal-article,International Journal of Electrical & Computer…,"Direct extraction of current Google Scholar result pages using the reported concept groups with spaces as source-specific AND syntax; current Scholar rank, not the historical rank; cited-by count displayed 0"
GS097,99,A survey of novel framework of anomaly-based intrusion detection systems in computer networks using ensemble feature integration with deep learning techniques,"S Akkepalli, SK",2024,10.1145/3651671.3651673,https://dl.acm.org/doi/abs/10.1145/3651671.3651673,proceedings-article,Proceedings of the,"Direct extraction of current Google Scholar result pages using the reported concept groups with spaces as source-specific AND syntax; current Scholar rank, not the historical rank; Scholar cluster 9383502504924365580; cited-by count displayed 9"
GS098,100,Constraining adversarial attacks on network intrusion detection systems: transferability and defense analysis,"N Alhussien, A Aleroud, A Melhem…",2024,,https://ieeexplore.ieee.org/abstract/document/10411959/,journal-article,IEEE Transactions on…,"Direct extraction of current Google Scholar result pages using the reported concept groups with spaces as source-specific AND syntax; current Scholar rank, not the historical rank; Scholar cluster 6258734870561837550; cited-by count displayed 41"
GS099,101,Deep Learning -Based Intrusion Detection: A CNN-LSTM-Transformer Approach for Enhanced Network Security,"D Liu, X Zheng, P Wang, J Chuan, Y Lv…",2025,10.1145/3759179.3760451,https://dl.acm.org/doi/abs/10.1145/3759179.3760451,proceedings-article,Proceedings of the 10th…,"Direct extraction of current Google Scholar result pages using the reported concept groups with spaces as source-specific AND syntax; current Scholar rank, not the historical rank; Scholar cluster 10423645722493738863; cited-by count displayed 11"
GS100,102,Enhancing network intrusion detection systems with combined network and host traffic features using deep learning : Deep learning and IoT perspective,"ESA Alars, S Kurnaz",2024,10.1007/s10791-024-09480-3,https://link.springer.com/article/10.1007/s10791-024-09480-3,journal-article,Discover Computing,"Direct extraction of current Google Scholar result pages using the reported concept groups with spaces as source-specific AND syntax; current Scholar rank, not the historical rank; Scholar cluster 8312788459853077325; cited-by count displayed 28"
GS101,103,NIDS -β*: an explainable large language based framework for contextual intrusion resilience in network security,F Saidi,2026,10.3389/frai.2026.1746661,https://www.frontiersin.org/journals/artificial-intelligence/articles/10.3389/frai.2026.1746661/full,journal-article,Frontiers in Artificial Intelligence,"Direct extraction of current Google Scholar result pages using the reported concept groups with spaces as source-specific AND syntax; current Scholar rank, not the historical rank; Scholar cluster 17209602009369864061; cited-by count displayed 1; verified publisher date 2026-03-16"
GS102,104,Network intrusion detection system using random forest,"M Patidar, A Dave, D Vekariya…",2025,,https://ieeexplore.ieee.org/abstract/document/11115570/,journal-article,…on Computing for…,"Direct extraction of current Google Scholar result pages using the reported concept groups with spaces as source-specific AND syntax; current Scholar rank, not the historical rank; Scholar cluster 17621321186625829177; cited-by count displayed 13"
GS103,105,MMCo: using multimodal deep learning to detect malicious traffic with noisy labels,"Q Yuan, G Gou, Y Zhu, Y Wang",2024,10.1007/s11704-023-2386-4,https://journal.hep.com.cn/fcs/EN/10.1007/s11704-023-2386-4,journal-article,Frontiers of Computer Science,"Direct extraction of current Google Scholar result pages using the reported concept groups with spaces as source-specific AND syntax; current Scholar rank, not the historical rank; Scholar cluster 8079525159113964752; cited-by count displayed 13"
GS104,106,RETRACTED ARTICLE: Deep learning based network intrusion detection system: a systematic literature review and future scopes,"Yogesh, LM Goyal",2024,10.1007/s10207-024-00896-y,https://link.springer.com/article/10.1007/s10207-024-00896-y,journal-article,International Journal of Information Security,"Direct extraction of current Google Scholar result pages using the reported concept groups with spaces as source-specific AND syntax; current Scholar rank, not the historical rank; Scholar cluster 6569170163652759095; cited-by count displayed 13"
GS105,108,Stochastic Multimodal Transformer with Uncertainty Quantification for Robust Network Intrusion Detection,"RN Anaedevha, AG Trofimov",2025,10.1007/978-3-032-07690-8_35,https://link.springer.com/chapter/10.1007/978-3-032-07690-8_35,book-chapter,International Conference on…,"Direct extraction of current Google Scholar result pages using the reported concept groups with spaces as source-specific AND syntax; current Scholar rank, not the historical rank; Scholar cluster 9932317135251379311; cited-by count displayed 6"
GS106,109,Efficient deep neural network for intrusion detection using CIC-IDS-2017 dataset,G Bandarupalli,2025,10.1109/ce2ct64011.2025.10940012,https://ieeexplore.ieee.org/abstract/document/10940012/,proceedings-article,…First International Conference on Advances in…,"Direct extraction of current Google Scholar result pages using the reported concept groups with spaces as source-specific AND syntax; current Scholar rank, not the historical rank; Scholar cluster 16298754338862447432; cited-by count displayed 20; DOI verified from official publisher metadata"
GS107,110,varmax: Towards confidence-based zero -day attack recognition,"G Baye, P Silva, A Broggi, ND Bastian…",2024,10.1109/milcom61039.2024.10773707,https://ieeexplore.ieee.org/abstract/document/10773707/,proceedings-article,MILCOM 2024-2024…,"Direct extraction of current Google Scholar result pages using the reported concept groups with spaces as source-specific AND syntax; current Scholar rank, not the historical rank; Scholar cluster 10013022618337144350; cited-by count displayed 12"
GS108,111,Efficient deep neural network for intrusion detection using CIC-IDS-2017 dataset,G Bandarupalli,2025,10.1109/ce2ct64011.2025.10940012,https://ieeexplore.ieee.org/abstract/document/10940012/,proceedings-article,…First International Conference on Advances in…,"Direct extraction of current Google Scholar result pages using the reported concept groups with spaces as source-specific AND syntax; current Scholar rank, not the historical rank; Scholar cluster 16298754338862447432; cited-by count displayed 20; DOI verified from official publisher metadata"
GS109,112,varmax: Towards confidence-based zero -day attack recognition,"G Baye, P Silva, A Broggi, ND Bastian…",2024,10.1109/milcom61039.2024.10773707,https://ieeexplore.ieee.org/abstract/document/10773707/,proceedings-article,MILCOM 2024-2024…,"Direct extraction of current Google Scholar result pages using the reported concept groups with spaces as source-specific AND syntax; current Scholar rank, not the historical rank; Scholar cluster 10013022618337144350; cited-by count displayed 12; repeated title and Scholar cluster also appeared at current rank 110"
GS110,113,Causal Graph-Enhanced Deep Learning for Robust Anomaly Detection in Network Intrusion Detection Systems,X Yu,2025,10.1109/mlprae67267.2025.11290821,https://ieeexplore.ieee.org/abstract/document/11290821/,proceedings-article,,"Direct extraction of current Google Scholar result pages using the reported concept groups with spaces as source-specific AND syntax; current Scholar rank, not the historical rank; cited-by count displayed 0"
