full_text_row_id,screening_row_id,source_record_id,title,authors,year,doi,url,record_type,venue,title_abstract_final_decision,title_abstract_final_reason,title_abstract_reviewer,agent_eligibility_signals,assigned_reviewer
FT001,TA004,SL008,SHAP Insights into Domain Adaptation in Netflow-Based Network Intrusion Detection Powered by Deep Learning,Pawlicki Marek; Szelest Sebastian; Kozik Rafal; Choraś Michał,2025,10.1007/978-3-032-00644-8_18,https://link.springer.com/chapter/10.1007/978-3-032-00644-8_18,proceedings-article,International Conference on Availability Reliability and Security,include_for_full_text,,KSS,cross_dataset_or_domain_shift,KSS
FT002,TA005,SD002,AIS-NIDS: An intelligent and self-sustaining network intrusion detection system,Yasir Ali Farrukh; Syed Wali; Irfan Khan; Nathaniel D. Bastian,2024,10.1016/j.cose.2024.103982,https://www.sciencedirect.com/science/article/pii/S0167404824002876,journal-article,Computers & Security,include_for_full_text,,KLL,open_set_or_unseen_attack,KLL
FT003,TA008,GS010,WOA-SA: Optimizing NIDS with enhanced deep learning for zero -day attack detection,"MS HABEEB, TR BABU",2024,,https://www.researchgate.net/profile/Mohammed-Habeeb-2/publication/382636647_WOA-SA_OPTIMIZING_NIDS_WITH_ENHANCED_DEEP_LEARNING_FOR_ZERO-DAY_ATTACK_DETECTION/links/66a67edfc6e41359a8468d7d/WOA-SA-OPTIMIZING-NIDS-WITH-ENHANCED-DEEP-LEARNING-FOR-ZERO-DAY-ATTACK-DETECTION.pdf,journal-article,Journal of Jilin University (Engineering …,include_for_full_text,,KSS,open_set_or_unseen_attack,KSS
FT004,TA009,SD016,TriHID: Towards verifiable domain adaptation-based IoT intrusion detection in heterogeneous environment,"Wu, Jiashu and Wang, Yang",2026,10.1016/j.eswa.2025.129543,https://doi.org/10.1016/j.eswa.2025.129543,journal-article,Expert Systems with Applications,include_for_full_text,,KLL,cross_dataset_or_domain_shift,KLL
FT005,TA010,SL007,HEN: a novel hybrid explainable neural network based framework for robust network intrusion detection,Wei Wei; Chen Sijin; Chen Cen; Wang Heshi; Liu Jing; Cheng Zhongyao; Zou Xiaofeng,2024,10.1007/s11432-023-4067-x,https://link.springer.com/article/10.1007/s11432-023-4067-x,journal-article,Science China Information Sciences,include_for_full_text,,KSS,open_set_or_unseen_attack;deployment_adaptation_or_realism,KSS
FT006,TA013,IX003,Machine Learning in Network Intrusion Detection: A Cross-Dataset Generalization Study,Marco Cantone; Claudio Marrocco; Alessandro Bria,2024,10.1109/access.2024.3472907,https://ieeexplore.ieee.org/document/10704637,journal-article,IEEE Access,include_for_full_text,,KLL,cross_dataset_or_domain_shift,KLL
FT007,TA015,SL001,NIDS-APNHA: a transfer learning based network intrusion detection system with alert prioritization and network harmony analysis,Sherin R. C. Jeyavim; Parkavi K.,2025,10.1007/s10586-025-05780-5,https://link.springer.com/article/10.1007/s10586-025-05780-5,journal-article,Cluster Computing,include_for_full_text,,KLL,cross_dataset_or_domain_shift;open_set_or_unseen_attack,KLL
FT008,TA016,CR008,Scalable and Generalizable Cross-Domain Invariant Network Analysis and Intrusion Detection System Using Deep Learning,George Thamer Francis; Abdulrahman Gashut; Mohanad Alayedi; Malek Malkawi,2026,10.1109/ojcoms.2026.3677692,https://doi.org/10.1109/ojcoms.2026.3677692,journal-article,IEEE Open Journal of the Communications Society,include_for_full_text,,KSS,cross_dataset_or_domain_shift,KSS
FT009,TA017,SD012,TICPS: A trustworthy collaborative intrusion detection framework for industrial cyber-physical systems,"Zhu, Lingzi and Zhao, Bo and Li, Weidong and Wang, Yixuan and An, Yang",2024,10.1016/j.adhoc.2024.103517,https://doi.org/10.1016/j.adhoc.2024.103517,journal-article,Ad Hoc Networks,include_for_full_text,,KLL,deployment_adaptation_or_realism,KLL
FT010,TA018,GS045,A privacy-preserving graph neural network for network intrusion detection,"X Pei, X Deng, S Tian, P Jiang…",2024,,https://ieeexplore.ieee.org/abstract/document/10568382/,journal-article,IEEE Transactions on…,include_for_full_text,,KSS,deployment_adaptation_or_realism,KSS
FT011,TA019,SD014,Multi-source refined adversarial domain adaptation with transfer complementarity infusion for IoT intrusion detection under limited samples,"Li, Kehong and Ma, Wengang and Duan, Huawei and Xie, Han",2024,10.1016/j.eswa.2024.124352,https://doi.org/10.1016/j.eswa.2024.124352,journal-article,Expert Systems with Applications,include_for_full_text,,KLL,cross_dataset_or_domain_shift,KLL
FT012,TA022,CR034,NIDS-CBAD: detecting adversarial attacks in network intrusion detection systems using domain constraints,Vivek Kumar; Kamal Kumar; Maheep Singh,2024,10.1007/s13042-024-02506-8,https://doi.org/10.1007/s13042-024-02506-8,journal-article,International Journal of Machine Learning and Cybernetics,include_for_full_text,,KSS,deployment_adaptation_or_realism,KSS
FT013,TA023,CR004,Federated learning-based anomaly detection for zero-day attack prevention in 6G network slices,Iftikhar Rasheed; Hala Mostafa,2025,10.1016/j.comnet.2025.111376,https://doi.org/10.1016/j.comnet.2025.111376,journal-article,Computer Networks,include_for_full_text,,KLL,open_set_or_unseen_attack;deployment_adaptation_or_realism,KLL
FT014,TA024,IX012,Few-Shot Class-Incremental Learning for Network Intrusion Detection Systems,"Di Monda, Davide and Montieri, Antonio and Persico, Valerio and Voria, Pasquale and De Ieso, Matteo and Pescapè, Antonio",2024,10.1109/ojcoms.2024.3481895,https://doi.org/10.1109/OJCOMS.2024.3481895,journal-article,IEEE Open Journal of the Communications Society,include_for_full_text,,KSS,open_set_or_unseen_attack;deployment_adaptation_or_realism,KSS
FT015,TA028,GS039,Heterogeneous network intrusion detection via domain adaptation in IoT environment,"J Zhang, Y Li, L Zhang",2025,10.1002/itl2.531,https://onlinelibrary.wiley.com/doi/abs/10.1002/itl2.531,journal-article,Internet Technology Letters,include_for_full_text,,KSS,cross_dataset_or_domain_shift,KSS
FT016,TA030,CR037,Enhancing trustworthiness in ML-based network intrusion detection with uncertainty quantification,"Talpini, Jacopo and Sartori, Fabio and Savi, Marco",2024,10.1007/s40860-024-00238-8,https://doi.org/10.1007/s40860-024-00238-8,journal-article,Journal of Reliable Intelligent Environments,include_for_full_text,,KSS,open_set_or_unseen_attack;calibration_uncertainty_ood_or_confidence,KSS
FT017,TA031,GS026,A multi-agent adaptive deep learning framework for online intrusion detection,"M Soltani, K Khajavi, M Jafari Siavoshani, AH Jahangir",2024,10.1186/s42400-023-00199-0,https://link.springer.com/article/10.1186/s42400-023-00199-0,journal-article,Cybersecurity,include_for_full_text,,KLL,open_set_or_unseen_attack;deployment_adaptation_or_realism,KLL
FT018,TA033,GS044,ADAP-GNN: Adaptive property-aware graph neural network for intrusion detection in IoT networks,"M Termos, Z Ghalmane, A Fadlallah, A Jaber…",2026,10.1016/j.compeleceng.2026.111051,https://www.sciencedirect.com/science/article/pii/S0045790626001230,journal-article,Computers and…,include_for_full_text,,KLL,cross_dataset_or_domain_shift;deployment_adaptation_or_realism,KLL
FT019,TA034,GS048,Evaluation of Anomaly-based Network Intrusion Detection Systems with Unclean Training Data for Low-rate Attack Detection,"AO Prabowo, DJ Arrizki, BA Pratomo, AI Fajar…",2026,10.3390/jcp6010014,https://www.mdpi.com/2624-800X/6/1/14,journal-article,…of Cybersecurity and…,include_for_full_text,,KSS,open_set_or_unseen_attack;deployment_adaptation_or_realism,KSS
FT020,TA036,GS098,Constraining adversarial attacks on network intrusion detection systems: transferability and defense analysis,"N Alhussien, A Aleroud, A Melhem…",2024,,https://ieeexplore.ieee.org/abstract/document/10411959/,journal-article,IEEE Transactions on…,include_for_full_text,,KSS,deployment_adaptation_or_realism,KSS
FT021,TA037,SD017,A novel open set Energy-based Flow Classifier for Network Intrusion Detection,"Souza, Manuela M.C. and Pontes, Camila T. and Gondim, João J.C. and Garcia, Luís P.F. and DaSilva, Luiz and Cavalcante, Eduardo F.M. and Marotta, Marcelo A.",2025,10.1016/j.cose.2025.104569,https://doi.org/10.1016/j.cose.2025.104569,journal-article,Computers & Security,include_for_full_text,,KLL,open_set_or_unseen_attack;calibration_uncertainty_ood_or_confidence,KLL
FT022,TA039,GS065,Explainable AI Meets Synthetic Data: A Deep Learning Framework for Detecting Network Intrusion in NextG Network Infrastructure,"MJ Hossain, K Alam, MF Monir, MM Hoque…",2025,,https://ieeexplore.ieee.org/abstract/document/11069291/,journal-article,IEEE…,include_for_full_text,,KLL,open_set_or_unseen_attack;deployment_adaptation_or_realism,KLL
FT023,TA040,SD010,Deep Q-learning intrusion detection system (DQ-IDS): A novel reinforcement learning approach for adaptive and self-learning cybersecurity,Md. Alamgir Hossain,2025,10.1016/j.icte.2025.05.007,https://www.sciencedirect.com/science/article/pii/S2405959525000694,journal-article,ICT Express,include_for_full_text,,KSS,open_set_or_unseen_attack;deployment_adaptation_or_realism,KSS
FT024,TA042,SL003,A comprehensive defense approach of deep learning-based NIDS against adversarial attacks,Barik Kousik; Misra Sanjay,2025,10.1007/s11042-025-21008-5,https://link.springer.com/article/10.1007/s11042-025-21008-5,journal-article,Multimedia Tools and Applications,include_for_full_text,,KSS,deployment_adaptation_or_realism,KSS
FT025,TA043,IX016,Class Incremental Learning for Network-Agnostic Intrusion Detection Systems,"Cerasuolo, Francesco and Bovenzi, Giampaolo and Montieri, Antonio and Pescapè, Antonio",2025,10.1109/rtsi64020.2025.11212335,https://doi.org/10.1109/RTSI64020.2025.11212335,proceedings-article,2025 IEEE 9th Forum on Research and Technologies for Society and Industry Innovation (RTSI),include_for_full_text,,KLL,cross_dataset_or_domain_shift;open_set_or_unseen_attack;deployment_adaptation_or_realism,KLL
FT026,TA044,SD009,An active learning framework using deep Q-network for zero-day attack detection,Yali Wu; Yanghu Hu; Junhu Wang; Mengqi Feng; Ang Dong; Yanxi Yang,2024,10.1016/j.cose.2024.103713,https://www.sciencedirect.com/science/article/pii/S0167404824000142,journal-article,Computers & Security,include_for_full_text,,KSS,open_set_or_unseen_attack;deployment_adaptation_or_realism,KSS
FT027,TA045,GS059,K-GetNID: Knowledge-guided graphs for early and transferable network intrusion detection,"M Wang, N Yang, N Weng",2024,,https://ieeexplore.ieee.org/abstract/document/10605850/,journal-article,IEEE Transactions on Information…,include_for_full_text,,KLL,cross_dataset_or_domain_shift;open_set_or_unseen_attack;deployment_adaptation_or_realism,KLL
FT028,TA048,IX004,"Meta: Toward a Unified, Multimodal Dataset for Network Intrusion Detection Systems",Syed Wali; Yasir Ali Farrukh; Irfan Khan; Nathaniel D. Bastian,2024,10.1109/ieeedata.2024.3482286,https://ieeexplore.ieee.org/document/10720901,journal-article,IEEE Data Descriptions,include_for_full_text,,KSS,cross_dataset_or_domain_shift;deployment_adaptation_or_realism,KSS
FT029,TA049,SD018,Intrusion detection in Software-Defined Networking using hybrid Bayesian model averaging for reliable uncertainty quantification,Yasmine Medjadba; Hamza Drid; Mohamed Rahouti,2025,10.1016/j.comnet.2025.111436,https://www.sciencedirect.com/science/article/pii/S1389128625004037,journal-article,Computer Networks,include_for_full_text,,KLL,calibration_uncertainty_ood_or_confidence,KLL
FT030,TA051,GS001,"Cross -Dataset Transformer-IDS with Calibration and AUC Optimization (Evaluated on NSL-KDD, UNSW-NB15, CIC-IDS2017).","C Xin, K Xu",2025,,https://openurl.ebsco.com/contentitem/gcd:193600133?sid=ebsco:plink:crawler-gcd&id=ebsco:gcd:193600133&crl=c&jrnl=25790072,journal-article,Journal of Cybersecurity (2579-0072),include_for_full_text,,KLL,cross_dataset_or_domain_shift;calibration_uncertainty_ood_or_confidence,KLL
FT031,TA053,CR019,Privacy-Preserving Federated Network Intrusion Detection on Encrypted Traffic: A Multi-Site Cross-Domain Approach with XGBoost Optimization,Peter Oluwaseun Adepoju; Mohammed Al-Hubaishi,2025,10.1109/icmlant68509.2025.11394855,https://doi.org/10.1109/icmlant68509.2025.11394855,proceedings-article,2025 IEEE International Conference on Machine Learning and Applied Network Technologies (ICMLANT),include_for_full_text,,KLL,cross_dataset_or_domain_shift;deployment_adaptation_or_realism,KLL
FT032,TA054,GS101,NIDS -β*: an explainable large language based framework for contextual intrusion resilience in network security,F Saidi,2026,10.3389/frai.2026.1746661,https://www.frontiersin.org/journals/artificial-intelligence/articles/10.3389/frai.2026.1746661/full,journal-article,Frontiers in Artificial Intelligence,include_for_full_text,,KSS,open_set_or_unseen_attack;calibration_uncertainty_ood_or_confidence;deployment_adaptation_or_realism,KSS
FT033,TA055,GS105,Stochastic Multimodal Transformer with Uncertainty Quantification for Robust Network Intrusion Detection,"RN Anaedevha, AG Trofimov",2025,10.1007/978-3-032-07690-8_35,https://link.springer.com/chapter/10.1007/978-3-032-07690-8_35,book-chapter,International Conference on…,include_for_full_text,,KLL,calibration_uncertainty_ood_or_confidence,KLL
FT034,TA056,ACM006,Open Set Dandelion Network for IoT Intrusion Detection,"Wu, Jiashu and Dai, Hao and Kent, Kenneth B. and Yen, Jerome and Xu, Chengzhong and Wang, Yang",2024,10.1145/3639822,https://doi.org/10.1145/3639822,journal-article,ACM Transactions on Internet Technology,include_for_full_text,,KSS,open_set_or_unseen_attack,KSS
FT035,TA057,CR030,Adaptive Decision-Level Intrusion Detection for Known and Zero-Day Attacks,Joseph P. Mchina; Neema Mduma; Ramadhani S. Sinde,2026,10.3390/network6020023,https://doi.org/10.3390/network6020023,journal-article,Network,include_for_full_text,,KLL,open_set_or_unseen_attack;deployment_adaptation_or_realism,KLL
FT036,TA059,GS071,Elevated few-shot network intrusion detection via self-attention mechanisms and iterative refinement,"C Xu, Y Zhan, G Chen, Z Wang, S Liu, W Hu",2025,10.1371/journal.pone.0317713,https://journals.plos.org/plosone/article?id=10.1371/journal.pone.0317713,journal-article,PloS one,include_for_full_text,,KLL,open_set_or_unseen_attack;deployment_adaptation_or_realism,KLL
FT037,TA065,SL005,A minimalistic yet effective domain adaptation strategy for IoMT network intrusion detection,Mahbub Mahir; Riasat Md. Tanjib; Hamid Tasnima; Sutradhar Sujon Chandra; Khan Mohammed Shafiul Alam,2026,10.1007/s43926-026-00288-9,https://link.springer.com/article/10.1007/s43926-026-00288-9,journal-article,Discover Internet of Things,include_for_full_text,,KLL,cross_dataset_or_domain_shift,KLL
FT038,TA066,GS037,Zero-shot based hybrid neural network system for enhancing zero -day attack detection,"K Saurabh, U Singh, A Mishra, R Vyas…",2024,,https://ieeexplore.ieee.org/abstract/document/10958486/,journal-article,,include_for_full_text,,KSS,open_set_or_unseen_attack,KSS
FT039,TA068,CR013,ResTN: Residual Transfer Network for Cross Domain Network Intrusion Detection,Wei Huang; Yong Wang; Zhen Wang,2025,10.1109/icsp65755.2025.11086791,https://doi.org/10.1109/icsp65755.2025.11086791,proceedings-article,2025 10th International Conference on Intelligent Computing and Signal Processing (ICSP),include_for_full_text,,KSS,cross_dataset_or_domain_shift,KSS
FT040,TA069,GS006,DATI-IDS: Domain adaptation and time-series imaging-based intrusion detection system for connected autonomous vehicles,"J Tan, L Huang, Z Xia, K Gu, W Hao…",2025,10.1109/tits.2025.3587750,https://ieeexplore.ieee.org/abstract/document/11095369/,journal-article,IEEE Transactions on …,include_for_full_text,,KLL,cross_dataset_or_domain_shift,KLL
FT041,TA070,GS083,Real-Time Network Intrusion Detection System Using Deep Learning : Identifying Cyber Attacks Through Anomaly Pattern Recognition,R Chandra,2025,,https://www.jsrtjournal.com/index.php/JSRT/article/view/388,journal-article,Journal of Scientific Research and Technology,include_for_full_text,,KSS,cross_dataset_or_domain_shift;open_set_or_unseen_attack;deployment_adaptation_or_realism,KSS
FT042,TA071,IX010,The Missing Link in Network Intrusion Detection: Taking AI/ML Research Efforts to Users,Katharina Dietz; Michael Mühlhauser; Jochen Kögel; Stephan Schwinger; Marleen Sichermann; Michael Seufert; Dominik Herrmann; Tobias Hoßfeld,2024,10.1109/access.2024.3406939,https://ieeexplore.ieee.org/document/10540566,journal-article,IEEE Access,include_for_full_text,,KLL,deployment_adaptation_or_realism,KLL
FT043,TA072,GS103,MMCo: using multimodal deep learning to detect malicious traffic with noisy labels,"Q Yuan, G Gou, Y Zhu, Y Wang",2024,10.1007/s11704-023-2386-4,https://journal.hep.com.cn/fcs/EN/10.1007/s11704-023-2386-4,journal-article,Frontiers of Computer Science,include_for_full_text,,KSS,deployment_adaptation_or_realism,KSS
FT044,TA073,ACM003,LNNIDS: A Hybrid Liquid Neural Network based IDS for Known and Unknown IoT Attacks,Rakesh Kumar; Mayank Swarnkar; Manmeet Muskan,2025,10.1145/3771739,https://dl.acm.org/doi/10.1145/3771739,journal-article,ACM Transactions on Internet Technology,include_for_full_text,,KLL,open_set_or_unseen_attack,KLL
FT045,TA075,CR006,CS-NIDS: Network Intrusion Detection Based on Cross-Silo Federated Learning,Maged Abdelaty,2025,10.1109/iceeng64546.2025.11031351,https://doi.org/10.1109/iceeng64546.2025.11031351,proceedings-article,2025 15th International Conference on Electrical Engineering (ICEENG),include_for_full_text,,KLL,deployment_adaptation_or_realism,KLL
FT046,TA076,GS028,A Semi-Supervised Meta-Negative-Learning Approach to Few-Shot Network Intrusion Detection in Internet of Things,"M Wu, Y Zheng, Y Yang, J Luo…",2026,10.1109/jiot.2026.3653672,https://ieeexplore.ieee.org/abstract/document/11348114/,journal-article,IEEE Internet of Things…,include_for_full_text,,KSS,open_set_or_unseen_attack;deployment_adaptation_or_realism,KSS
FT047,TA077,ACM001,Multi-Stage Enhanced Zero Trust Intrusion Detection System for Unknown Attack Detection in Internet of Things and Traditional Networks,Malek Al-Zewairi; Sufyan Almajali; Moussa Ayyash; Mohamed Rahouti; Fernando Martinez; Nordine Quadar,2025,10.1145/3725216,https://dl.acm.org/doi/10.1145/3725216,journal-article,ACM Transactions on Privacy and Security,include_for_full_text,,KLL,open_set_or_unseen_attack;deployment_adaptation_or_realism,KLL
FT048,TA079,CR029,Adaptive Semi-Supervised Algorithm for Intrusion Detection and Unknown Attack Identification,"Li, Meng and Luo, Lei and Xiao, Kun and Wang, Geng and Wang, Yintao",2025,10.3390/app15041709,https://doi.org/10.3390/app15041709,journal-article,Applied Sciences,include_for_full_text,,KLL,open_set_or_unseen_attack,KLL
FT049,TA080,SL006,Federated transfer learning for rare attack class detection in network intrusion detection systems,Sri Abhijit Chunduru; Annie Jerusha Y.; Syed Ibrahim S. P.; Varadharajan Vijay,2025,10.1038/s41598-025-02068-x,https://link.springer.com/article/10.1038/s41598-025-02068-x,journal-article,Scientific Reports,include_for_full_text,,KSS,cross_dataset_or_domain_shift;open_set_or_unseen_attack;deployment_adaptation_or_realism,KSS
FT050,TA081,CR021,Causal Graph-Enhanced Deep Learning for Robust Anomaly Detection in Network Intrusion Detection Systems,Xiaoyan Yu,2025,10.1109/mlprae67267.2025.11290821,https://doi.org/10.1109/mlprae67267.2025.11290821,proceedings-article,"2025 2nd International Conference on Machine Learning, Pattern Recognition and Automation Engineering (MLPRAE)",include_for_full_text,,KLL,open_set_or_unseen_attack;deployment_adaptation_or_realism,KLL
FT051,TA085,IX014,Toward Open-World Network Intrusion Detection via Open Recognition and Inspection,"Du, Lei and Chai, Yuhan and Jia, Yan and Fang, Binxing and Li, Hao and Gu, Zhaoquan",2025,10.1109/tifs.2025.3608666,https://doi.org/10.1109/TIFS.2025.3608666,journal-article,IEEE Transactions on Information Forensics and Security,include_for_full_text,,KLL,open_set_or_unseen_attack,KLL
FT052,TA087,GS088,A comparison of neural -network -based intrusion detection against signature-based detection in IoT networks,"M Schrötter, A Niemann, B Schnor",2024,,https://www.mdpi.com/2078-2489/15/3/164,journal-article,Information,include_for_full_text,,KLL,deployment_adaptation_or_realism,KLL
FT053,TA089,IX006,Zero-Day Attack Detection in IoT Networks Using a Residual Vision Transformer-Based Approach With Zero-Shot Learning,Komcharn Nitrat; Nopparuj Suetrong; Natthanan Promsuk,2025,10.1109/ojcoms.2025.3604826,https://ieeexplore.ieee.org/document/11151630,journal-article,IEEE Open Journal of the Communications Society,include_for_full_text,,KLL,open_set_or_unseen_attack,KLL
FT054,TA090,CR031,Cross-Dataset Temporal and Semantic Generalization of Intrusion Detection Models for the Future Internet,"Elangovan, Rajesh and Parthasarathy, Durga Devi and Jawahar, M. and Kaliyaperumal, Prabu and Balusamy, Balamurugan and Yogarayan, Sumendra and Venkatesan, Vivek",2026,10.3390/fi18040194,https://doi.org/10.3390/fi18040194,journal-article,Future Internet,include_for_full_text,,KSS,cross_dataset_or_domain_shift,KSS
FT055,TA091,CR027,Trustworthy Adaptive AI for Real-Time Intrusion Detection in Industrial IoT Security,"Al Rawajbeh, Mohammad and Maria Soosai, Amala Jayanthi and Ramasamy, Lakshmana Kumar and Khan, Firoz",2025,10.3390/iot6030053,https://doi.org/10.3390/iot6030053,journal-article,IoT,include_for_full_text,,KLL,deployment_adaptation_or_realism,KLL
FT056,TA092,CR032,"FORT-IDS: a federated, optimized, robust and trustworthy intrusion detection system for IIoT security","Mazroa, Alanoud Al",2026,10.1038/s41598-025-31025-x,https://doi.org/10.1038/s41598-025-31025-x,journal-article,Scientific Reports,include_for_full_text,,KSS,cross_dataset_or_domain_shift;deployment_adaptation_or_realism,KSS
FT057,TA094,SD005,Evaluating and enhancing intrusion detection systems in IoMT: The importance of domain-specific datasets,Jordi Doménech; Olga León; Muhammad Shuaib Siddiqui; Josep Pegueroles,2025,10.1016/j.iot.2025.101631,https://www.sciencedirect.com/science/article/pii/S2542660525001453,journal-article,Internet of Things,include_for_full_text,,KSS,cross_dataset_or_domain_shift;deployment_adaptation_or_realism,KSS
FT058,TA096,IX017,Calibrated Uncertainty Estimation for Trustworthy Deep IoT Attack Detection,"Pal, Biprodip and Islam, Md. Saiful and Liew, Alan Wee-Chung",2025,10.1109/tdsc.2025.3598350,https://doi.org/10.1109/TDSC.2025.3598350,journal-article,IEEE Transactions on Dependable and Secure Computing,include_for_full_text,,KSS,calibration_uncertainty_ood_or_confidence,KSS
FT059,TA097,GS027,Enhanced Adversarial Domain Adaptation for Intrusion Detection Systems,"I Guerziz, Z Abou El Houda…",2025,,https://ieeexplore.ieee.org/abstract/document/11257501/,journal-article,,include_for_full_text,,KLL,cross_dataset_or_domain_shift,KLL
FT060,TA099,SD015,Towards trustworthy cybersecurity operations using Bayesian Deep Learning to improve uncertainty quantification of anomaly detection,"Yang, Tengfei and Qiao, Yuansong and Lee, Brian",2024,10.1016/j.cose.2024.103909,https://doi.org/10.1016/j.cose.2024.103909,journal-article,Computers & Security,include_for_full_text,,KLL,calibration_uncertainty_ood_or_confidence,KLL
FT061,TA105,CR015,Anomaly Detection in Network Traffic via Cross-Domain Federated Graph Representation Learning,Yanli Zhao; Zongduo Liu; Junjie Pang,2025,10.3390/app15116258,https://doi.org/10.3390/app15116258,journal-article,Applied Sciences,include_for_full_text,,KLL,cross_dataset_or_domain_shift;deployment_adaptation_or_realism,KLL
FT062,TA106,IX005,Bayesian Neural Network Uncertainty Estimation for Detecting Adversarial Attacks on Network Intrusion Detection Systems,Kaustubh Bahl; Amit Praseed,2025,10.1109/ictest64710.2025.11042826,https://ieeexplore.ieee.org/document/11042826,proceedings-article,2025 2nd International Conference on Trends in Engineering Systems and Technologies (ICTEST),include_for_full_text,,KSS,calibration_uncertainty_ood_or_confidence,KSS
FT063,TA109,SL009,Neuro-Symbolic Integration for Open Set Recognition in Network Intrusion Detection,Bizzarri Alice; Yu Chung-En; Jalaian Brian; Riguzzi Fabrizio; Bastian Nathaniel D.,2025,10.1007/978-3-031-80607-0_5,https://link.springer.com/chapter/10.1007/978-3-031-80607-0_5,proceedings-article,International Conference of the Italian Association for Artificial Intelligence,include_for_full_text,,KLL,open_set_or_unseen_attack,KLL
FT064,TA110,GS096,[C]A comparative study of deep learning -based network intrusion detection system with explainable artificial intelligence.,"TJ Kai, LY Ong, MC Leow",2025,,,journal-article,International Journal of Electrical & Computer…,include_for_full_text,,KSS,deployment_adaptation_or_realism,KSS
FT065,TA111,IX015,A Big Data Framework for Scalable and Cross-Dataset Capable Machine Learning in Network Intrusion Detection Systems,Vinicius M. de Oliveira; Henrique M. de Oliveira; Gabriel M. Santos; Jhonatan Geremias; Eduardo K. Viegas,2025,10.1109/access.2025.3589872,https://ieeexplore.ieee.org/document/11082153,journal-article,IEEE Access,include_for_full_text,,KLL,cross_dataset_or_domain_shift,KLL
FT066,TA112,IX001,A Neuro-Symbolic Artificial Intelligence Network Intrusion Detection System,Alice Bizzarri; Brian Jalaian; Fabrizio Riguzzi; Nathaniel D. Bastian,2024,10.1109/icccn61486.2024.10637618,https://ieeexplore.ieee.org/document/10637618,proceedings-article,2024 33rd International Conference on Computer Communications and Networks (ICCCN),include_for_full_text,,KSS,open_set_or_unseen_attack,KSS
FT067,TA115,CR018,Overcoming emergency HTTP/3 DDoS attack detection: A domain adaptation solution with graph neural network,Jie Yao; Li Tian; Ziyi Wei; Guozi Sun,2025,10.1016/j.comnet.2025.111611,https://doi.org/10.1016/j.comnet.2025.111611,journal-article,Computer Networks,include_for_full_text,,KLL,cross_dataset_or_domain_shift;deployment_adaptation_or_realism,KLL
FT068,TA116,GS072,Copula entropy regularization transformer with C2 variational autoencoder and fine-tuned hybrid DL model for network intrusion detection,"S Akkepalli, K Sagar",2025,,https://www.sciencedirect.com/science/article/pii/S2772503024000689,journal-article,Telematics and Informatics Reports,include_for_full_text,,KSS,open_set_or_unseen_attack;deployment_adaptation_or_realism,KSS
FT069,TA124,GS008,OLIDA-IDS: Online learning with integrated domain adaptation for intrusion detection systems,"J Violos, C Krikas, P Sarantos…",2025,,https://ieeexplore.ieee.org/abstract/document/11431867/,journal-article,… 2025-,include_for_full_text,,KSS,cross_dataset_or_domain_shift;deployment_adaptation_or_realism,KSS
FT070,TA126,IX002,Adaptive Defense: Zero-Day Attack Detection in NIDS With Deep Reinforcement Learning,Khorshed Alam; Md Fahad Monir; Md Junayed Hossain; Mohammad Shorif Uddin; Md. Tarek Habib,2025,10.1109/access.2025.3585445,https://ieeexplore.ieee.org/document/11063272,journal-article,IEEE Access,include_for_full_text,,KSS,open_set_or_unseen_attack,KSS
FT071,TA129,SD001,Wasserstein distance guided feature Tokenizer transformer domain adaptation for network intrusion detection,Hongpo Zhang; Zhaozhe Zhang; Haizhaoyang Huang; Hehe Yang,2025,10.1016/j.cose.2025.104562,https://www.sciencedirect.com/science/article/pii/S0167404825002512,journal-article,Computers & Security,include_for_full_text,,KLL,cross_dataset_or_domain_shift,KLL
FT072,TA130,SD003,A sequential deep learning framework for a robust and resilient network intrusion detection system,Soumyadeep Hore; Jalal Ghadermazi; Ankit Shah; Nathaniel D. Bastian,2024,10.1016/j.cose.2024.103928,https://www.sciencedirect.com/science/article/pii/S0167404824002311,journal-article,Computers & Security,include_for_full_text,,KSS,open_set_or_unseen_attack;deployment_adaptation_or_realism,KSS
FT073,TA131,IX013,A Cross-Domain Intrusion Detection Method Based on Nonlinear Augmented Explicit Features,"Yu, Xu and Lu, Yan and Jiang, Feng and Hu, Qiang and Du, Junwei and Gong, Dunwei",2025,10.1109/tnsm.2024.3444909,https://doi.org/10.1109/TNSM.2024.3444909,journal-article,IEEE Transactions on Network and Service Management,include_for_full_text,,KLL,cross_dataset_or_domain_shift,KLL
FT074,TA133,CR033,Unknown intrusion traffic detection method based on unsupervised learning and open-set recognition,"Fang, Jun and Xie, Cunxiang",2025,10.1038/s41598-025-01084-1,https://doi.org/10.1038/s41598-025-01084-1,journal-article,Scientific Reports,include_for_full_text,,KLL,open_set_or_unseen_attack,KLL
FT075,TA134,GS025,Open -set recognition in unknown DDoS attacks detection with reciprocal points learning,"CS Shieh, FA Ho, MF Horng, TT Nguyen…",2024,,https://ieeexplore.ieee.org/abstract/document/10497567/,journal-article,IEEE…,include_for_full_text,,KSS,open_set_or_unseen_attack,KSS
FT076,TA135,ACM002,Adaptive Network Intrusion Detection Systems Against Performance Degradation via Model Agnostic Meta-Learning,Goktug Ekinci; Alexandre Broggi; Lance Fiondella; Nathaniel D. Bastian; Gokhan Kul,2024,10.1145/3689935.3690396,https://dl.acm.org/doi/10.1145/3689935.3690396,proceedings-article,Proceedings of the 11th ACM Workshop on Adaptive and Autonomous Cyber Defense,include_for_full_text,,KLL,deployment_adaptation_or_realism,KLL
FT077,TA136,CR020,An innovative intrusion detection framework using GAN-augmented Deep Ensemble Neural Network for cross-domain IoT–cloud security,Sadia Nazim; Syed Shujaa Hussain; Bilal Yousuf; Saima Sultana; Eraj Tanweer,2025,10.1016/j.iot.2025.101773,https://doi.org/10.1016/j.iot.2025.101773,journal-article,Internet of Things,include_for_full_text,,KSS,cross_dataset_or_domain_shift,KSS
FT078,TA137,GS021,Learn-ids: Bridging gaps between datasets and learning-based network intrusion detection,"M Wang, N Yang, Y Guo, N Weng",2024,,https://www.mdpi.com/2079-9292/13/6/1072,journal-article,Electronics,include_for_full_text,,KLL,cross_dataset_or_domain_shift,KLL
FT079,TA138,ACM005,FedNIDS: A Federated Learning Framework for Packet-Based Network Intrusion Detection System,Quoc H. Nguyen; Soumyadeep Hore; Ankit Shah; Trung Le; Nathaniel D. Bastian,2025,10.1145/3696012,https://dl.acm.org/doi/10.1145/3696012,journal-article,Digital Threats: Research and Practice,include_for_full_text,,KSS,open_set_or_unseen_attack;deployment_adaptation_or_realism,KSS
FT080,TA139,SD013,nNFST: A single-model approach for multiclass novelty detection in network intrusion detection systems,"Nguyen, Xuan-Ha and Le, Kim-Hung",2025,10.1016/j.jnca.2025.104128,https://doi.org/10.1016/j.jnca.2025.104128,journal-article,Journal of Network and Computer Applications,include_for_full_text,,KLL,open_set_or_unseen_attack,KLL
FT081,TA143,GS016,Unveiling the Generalizability Gap: A Cross-Domain Evaluation of Machine Learning Algorithms for Network Intrusion Detection,"MI Amin, M Shen, SUA Laghari…",2024,,https://ieeexplore.ieee.org/abstract/document/11119949/,journal-article,,include_for_full_text,,KLL,cross_dataset_or_domain_shift,KLL
FT082,TA145,GS033,Cross-Domain Adversarial Alignment for Network Anomaly Detection Through Behavioral Embedding Enrichment,"C Salvador-Najar, LJ Domínguez Pérez",2025,,https://www.mdpi.com/2073-431X/14/11/450,journal-article,Computers,include_for_full_text,,KLL,cross_dataset_or_domain_shift,KLL
FT083,TA146,SD008,"Adaptable, incremental, and explainable network intrusion detection systems for internet of things",Francesco Cerasuolo; Giampaolo Bovenzi; Domenico Ciuonzo; Antonio Pescapè,2025,10.1016/j.engappai.2025.110143,https://www.sciencedirect.com/science/article/pii/S0952197625001435,journal-article,Engineering Applications of Artificial Intelligence,include_for_full_text,,KSS,deployment_adaptation_or_realism,KSS
FT084,TA147,IX018,Trustable Network Intrusion Detection System through Wisdomnet and Uncertainty Measures,"Vij, Abhinav and Tran, Hai-Anh and Tran, Truong X.",2024,10.1109/lcn60385.2024.10639737,https://doi.org/10.1109/LCN60385.2024.10639737,proceedings-article,2024 IEEE 49th Conference on Local Computer Networks (LCN),include_for_full_text,,KLL,calibration_uncertainty_ood_or_confidence,KLL
FT085,TA149,SD011,FedMSE: Semi-supervised federated learning approach for IoT network intrusion detection,"Nguyen, Van Tuan and Beuran, Razvan",2025,10.1016/j.cose.2025.104337,https://doi.org/10.1016/j.cose.2025.104337,journal-article,Computers & Security,include_for_full_text,,KLL,deployment_adaptation_or_realism,KLL
FT086,TA150,GS024,Industrial network intrusion detection in open -set scenarios,"W Yu, Z Chen, H Wang, Z Miao, D Zhong",2025,10.1007/s10207-024-00949-2,https://link.springer.com/article/10.1007/s10207-024-00949-2,journal-article,International Journal of…,include_for_full_text,,KSS,open_set_or_unseen_attack,KSS
FT087,TA151,CR026,IDAC: Federated Learning-Based Intrusion Detection Using Autonomously Extracted Anomalies in IoT,"Ohtani, Takahiro and Yamamoto, Ryo and Ohzahata, Satoshi",2024,10.3390/s24103218,https://doi.org/10.3390/s24103218,journal-article,Sensors,include_for_full_text,,KLL,open_set_or_unseen_attack,KLL
FT088,TA152,GS093,APSO-CNN-SE: An adaptive convolutional neural network approach for IoT intrusion detection,"Y Ban, D Zhang, Q He, Q Shen",2024,,https://www.sciencedirect.com/org/science/article/pii/S1546221824006921,journal-article,"Computers, Materials and Continua",uncertain_full_text_check,insufficient_information,KSS,open_set_or_unseen_attack,KSS
FT089,TA154,GS077,Enhancing adversarial robustness in network intrusion detection : A novel adversarially trained neural network approach,"H Vahid, N Kofi",2025,,https://search.proquest.com/openview/9bf0e8df9a87b9fd57ec42dde4b7fceb/1?pq-origsite=gscholar&cbl=2032404,journal-article,Electronics,include_for_full_text,,KSS,deployment_adaptation_or_realism,KSS
FT090,TA155,GS107,varmax: Towards confidence-based zero -day attack recognition,"G Baye, P Silva, A Broggi, ND Bastian…",2024,10.1109/milcom61039.2024.10773707,https://ieeexplore.ieee.org/abstract/document/10773707/,proceedings-article,MILCOM 2024-2024…,include_for_full_text,,KLL,open_set_or_unseen_attack;calibration_uncertainty_ood_or_confidence,KLL
FT091,TA156,GS035,Network intrusion detection system based on domain adaptation for industrial control system,"J Zhang, L Yu, F Zhang",2024,,https://books.google.com/books?hl=en&lr=&id=nAL6EAAAQBAJ&oi=fnd&pg=PA430&dq=(%22network+intrusion+detection%22+OR+NIDS+OR+%22network+anomaly+detection%22,book-chapter,Artificial Intelligence Technologies and…,include_for_full_text,,KSS,cross_dataset_or_domain_shift,KSS
FT092,TA157,GS053,Uncertainty -quantified neurosymbolic ai for open set recognition in network intrusion detection,"J Sander, CEJ Yu, B Jalaian…",2024,,https://ieeexplore.ieee.org/abstract/document/10773953/,proceedings-article,MILCOM 2024-2024…,include_for_full_text,,KLL,open_set_or_unseen_attack;calibration_uncertainty_ood_or_confidence,KLL
FT093,TA159,SD006,Boosting Cybersecurity: A Zero-Day Attack Detection Approach Using Equilibrium Optimiser with Deep Learning Model,Mona Almofarreh; Amnah Alshahrani; Nouf Helal Alharbi; Ahmed Omer Ahmed; Hussain Alshahrani; Abdulrahman Alzahrani; Mohammed Mujib Alshahrani; Asma A. Alhashmi,2025,10.32604/cmes.2025.070545,https://www.sciencedirect.com/org/science/article/pii/S1526149225003959,journal-article,Computer Modeling in Engineering & Sciences,include_for_full_text,,KLL,open_set_or_unseen_attack,KLL
FT094,TA161,GS042,Advancing Network Security Through Deep Learning : A Hybrid Graph-Based and Temporal Approach to Anomaly and Threat Detection,"A Arindam, AS Baghel",2025,10.22214/ijraset.2025.71415,https://www.researchgate.net/profile/Abhirup-Arindam/publication/392266463_Advancing_Network_Security_Through_Deep_Learning_A_Hybrid_Graph-Based_and_Temporal_Approach_to_Anomaly_and_Threat_Detection/links/68488ee26b5a287c304a5a41/Advancing-Network-Security-Through-Deep-Learning-A-Hybrid-Graph-Based-and-Temporal-Approach-to-Anomaly-and-Threat-Detection.pdf,journal-article,researchgate.net,include_for_full_text,,KLL,open_set_or_unseen_attack;calibration_uncertainty_ood_or_confidence,KLL
FT095,TA162,GS050,Modular deep learning -based network intrusion detection architecture for real-world cyber-attack simulation,"V Ciric, M Milosevic, D Sokolovic…",2024,,https://www.sciencedirect.com/science/article/pii/S1569190X24000303,journal-article,…Modelling Practice and…,include_for_full_text,,KSS,open_set_or_unseen_attack;deployment_adaptation_or_realism,KSS
FT096,TA165,GS095,Poisoning and evasion: Deep learning -based nids under adversarial attacks,"H Mohammadian, AH Lashkari…",2024,,https://ieeexplore.ieee.org/abstract/document/10788064/,journal-article,,include_for_full_text,,KLL,deployment_adaptation_or_realism,KLL
FT097,TA166,CR035,Dataset-centric evaluation of federated intrusion detection models in IoT networks,"Bilal, Muhammad Ahmad and Ul Islam, Ihtesham and Idrees, Sarmad and Qasim, Muhammad and Khan, Muhammad Junaid and Khan, Jaleed",2026,10.1038/s41598-025-32567-w,https://doi.org/10.1038/s41598-025-32567-w,journal-article,Scientific Reports,include_for_full_text,,KSS,cross_dataset_or_domain_shift;deployment_adaptation_or_realism,KSS
FT098,TA167,GS018,Transfer Learning with CNNs for Cross -Dataset Network Anomaly Detection in Heterogeneous Cybersecurity Environments,L Ridwan,2025,,https://www.researchgate.net/profile/Noora-Qahtani/publication/395924463_Transfer_Learning_with_CNNs_for_Cross-Dataset_Network_Anomaly_Detection_in_Heterogeneous_Cybersecurity_Environments/links/68d85bfeffdca73694b3cdb6/Transfer-Learning-with-CNNs-for-Cross-Dataset-Network-Anomaly-Detection-in-Heterogeneous-Cybersecurity-Environments.pdf,journal-article,,uncertain_full_text_check,insufficient_information,KLL,cross_dataset_or_domain_shift,KLL
FT099,TA168,GS076,A novel contrastive loss for zero -day network intrusion detection,"J Wilkie, H Hindy, C Michie, C Tachtatzis…",2026,10.1109/tnsm.2026.3652529,https://ieeexplore.ieee.org/abstract/document/11340750/,journal-article,…on Network and…,include_for_full_text,,KSS,open_set_or_unseen_attack,KSS
FT100,TA169,GS003,Few-shot network intrusion detection method based on multi-domain fusion and cross-attention,"C Xu, D Li, Z Liu, J Yang, Q Shen, N Tong",2025,10.1371/journal.pone.0327161,https://journals.plos.org/plosone/article?id=10.1371/journal.pone.0327161,journal-article,Plos one,include_for_full_text,,KLL,cross_dataset_or_domain_shift,KLL
