row_order,record_id,year,title,doi,evidence_url,primary_group,front_tested,secondary_coverage,reported_result_or_value,data_separation_rating,data_separation_basis,leakage_control_rating,leakage_control_basis,target_access_and_harmonization_rating,target_access_and_harmonization_basis,selection_independence_rating,selection_independence_basis,statistical_reporting_rating,statistical_reporting_basis,reproducibility_rating,reproducibility_basis,overall_confidence,overall_quality_basis,deployment_limitation,scope_exception,verification_status
1,"R1",2024,"Machine Learning in Network Intrusion Detection: A Cross-Dataset Generalization Study","10.1109/ACCESS.2024.3472907","https://doi.org/10.1109/ACCESS.2024.3472907","cross-dataset generalization","Cross-dataset","none","Reports 9/16 within-dataset experiments with MCC above 99.6%, while average MCC falls from 94.63% within-dataset to 29.35% in cross-dataset testing across CIC/LycoS datasets.","clear","The within-dataset and source-only cross-dataset partitions are described.","partial","Training-subset grid search is reported, but all preprocessing-fit details are not itemized.","clear","Source and target datasets are explicit and target data are not used for source-only training.","partial","Hyperparameters use a training subset, but the single-attack analysis reports the highest result from three runs.","partial","Three runs are performed for single-attack experiments, but the highest result is reported rather than a full variability summary.","partial","The new dataset and experimental environment are documented, while complete training-code availability is not clear.","higher","The source-only protocol and data partitions are clear, with no identified major leakage or test-informed model selection.","Shows dataset dependence but does not test unknown-attack rejection or reliability under the same protocol.","non_dl_empirical_benchmark","full_text_verified"
2,"R4",2025,"Cross-Dataset Transformer-IDS with Calibration and AUC Optimization (Evaluated on NSL-KDD, UNSW-NB15, CIC-IDS2017)","10.32604/jcs.2025.071627","https://doi.org/10.32604/jcs.2025.071627","cross-dataset generalization","Cross-dataset + reliability","reliability","Reports Transformer-IDS cross-dataset gains, with AUC improved by about 10-20% and F1-score by 10+ points over baselines, plus probability-calibration and ECE analysis.","partial","Cross-dataset experiments are described, but the calibration-data split is inconsistent.","partial","No definite feature leakage is established, but inconsistent calibration-data provenance prevents a clear rating.","partial","Source-target tasks are explicit, while the calibration-data source under target testing is inconsistent.","unclear","The independence of calibration fitting from reported target-test data is not established consistently.","partial","Three-seed variability and calibration metrics are reported, but inference is limited.","partial","Method details are available, but complete reproducibility resources are not reported clearly.","moderate","Three-seed variability and calibration metrics are present, but calibration-data provenance is inconsistent.","Provides pairwise cross-dataset and reliability evidence but does not test unknown-attack rejection in the same experiment.","","full_text_verified"
3,"R11",2026,"Cross-Dataset Temporal and Semantic Generalization of Intrusion Detection Models for the Future Internet","10.3390/fi18040194","https://doi.org/10.3390/fi18040194","cross-dataset generalization","Cross-dataset","none","Macro-F1 drops from 0.84-0.96 in-domain to 0.69-0.78 under future-Internet cross-dataset testing, with benign FPR about 0.30.","clear","Source-only training and held-out cross-domain evaluation are described.","clear","Normalisation is fitted using training data, and no major leakage was identified.","clear","Source and target domains are explicit, with no target retraining, adaptation, or threshold tuning.","clear","Hyperparameters and thresholds are fixed before target evaluation.","partial","Five independent runs and Wilcoxon tests are reported, but exact p-values, sidedness, and multiple-comparison correction are absent.","partial","Datasets and protocol details are reported, while complete executable resources are not clearly available.","moderate","Source-only evaluation and fixed selection are clear; statistical reporting has bounded omissions.","Shows domain-shift risk but does not combine shift with unseen-attack rejection and calibration.","","full_text_verified"
4,"R12",2026,"TriHID: Towards verifiable domain adaptation-based IoT intrusion detection in heterogeneous environment","10.1016/j.eswa.2025.129543","https://doi.org/10.1016/j.eswa.2025.129543","cross-dataset generalization","Cross-dataset + open-set","open-set recognition","Evaluates multi-source, semi-supervised, unsupervised, and open-set domain-adaptation settings for IoT IDS.","partial","Multiple evaluation regimes and sub-datasets are described, but repeated split execution is not clear.","partial","No specific leakage is established, although the reporting does not support a fully clear leakage audit.","clear","Target supervision regimes and heterogeneous feature, distribution, and attack settings are explicitly distinguished.","unclear","Independent model and hyperparameter selection for every benchmarked method is not reported clearly.","unclear","Repeated-run uncertainty and conventional variability reporting are not clear.","partial","The dataset construction and benchmark methods are documented, but reproducibility resources are not reported clearly.","moderate","Target-access regimes are clear, while repeated-run and reproducibility support are limited.","Useful benchmark evidence, but reliability and abstention are not included as a third deployment requirement.","evaluation_resource_not_detector","full_text_verified"
5,"R15",2025,"Few-shot network intrusion detection method based on multi-domain fusion and cross-attention","10.1371/journal.pone.0327161","https://doi.org/10.1371/journal.pone.0327161","cross-dataset generalization","Cross-dataset / few-shot","few-shot target support","Reports 99.03% accuracy at K=10 on CIC-IDS2017, 98.64% on CICIDS2018, and more than 95.13% cross-domain accuracy.","clear","Training, support, and query roles are explicitly described.","partial","No major leakage was identified, although preprocessing-fit details are not fully itemized in the manuscript extraction.","clear","Target support access is explicit and source-only cross-domain testing is reported separately.","clear","The episodic support/query protocol separates model development from query evaluation.","clear","Results are averaged over ten trials.","partial","The article and experimental details are accessible, while a complete executable package is not the basis of the rating.","higher","Target support is explicit, ten-trial averaging is reported, and source-only testing is separated.","The few-shot support/query setting is not a full source-only deployment test with unknown attacks and reliability checks.","","full_text_verified"
6,"R21",2024,"Multi-source refined adversarial domain adaptation with transfer complementarity infusion for IoT intrusion detection under limited samples","10.1016/j.eswa.2024.124352","https://doi.org/10.1016/j.eswa.2024.124352","cross-dataset generalization","Cross-dataset adaptation","limited-sample target adaptation","Reports more than 95% average detection accuracy across four IoT datasets under limited-sample tasks.","partial","Limited-sample experimental scenarios are disclosed, but full split independence is not reported in sufficient detail.","partial","No definite leakage is identified, but preprocessing and split controls are not fully auditable.","clear","The use of limited labelled target samples and the adaptation scenarios are explicit.","unclear","Independent selection of all settings from held-out target tests is not established.","unclear","Conventional repeated-run or uncertainty reporting is limited.","partial","The method and scenarios are described, but reproducibility resources remain limited.","moderate","Target access is disclosed and results are interpretable despite limited variability and reproducibility support.","Addresses domain adaptation but does not jointly evaluate unknown attacks and reliability.","","full_text_verified"
7,"R22",2025,"Wasserstein distance guided feature Tokenizer transformer domain adaptation for network intrusion detection","10.1016/j.cose.2025.104562","https://doi.org/10.1016/j.cose.2025.104562","cross-dataset generalization","Cross-dataset adaptation","unlabelled-target adaptation","On UQ->CIC, reports ACC 0.9234, F1 0.9186, recall 0.8639, and AUC 0.9468; average F1 across 20 transfer tasks is 0.7791.","partial","Source-target tasks are defined, but the use of all data during scaling weakens split separation.","unclear","Scaling is described as using all data, creating a material leakage concern.","clear","Unlabelled target data and pseudo-labels are explicitly used for adaptation.","unclear","Important settings are selected using performance on the reported target tasks.","partial","Twenty transfer tasks are reported, but repeated-run uncertainty is not clear.","partial","Method details are available, while complete code and rerun support are not clearly reported.","limited","All-data scaling and target-task-informed setting selection materially weaken confidence.","Improves shifted known-class detection but does not test withheld unknown attacks or calibrated abstention.","","full_text_verified"
8,"R24",2025,"A Cross-Domain Intrusion Detection Method Based on Nonlinear Augmented Explicit Features","10.1109/TNSM.2024.3444909","https://doi.org/10.1109/TNSM.2024.3444909","cross-dataset generalization","Cross-dataset adaptation","unlabelled-target adaptation","Reports more than 85% accuracy in the difficult UNSW-NB15->CICIDS2017 cross-domain setting.","unclear","Target samples used for adaptation are not clearly separated from target evaluation samples.","unclear","The unresolved adaptation-evaluation overlap creates a material leakage risk.","partial","Labelled-source and unlabelled-target access are stated, but the target partition roles are unclear.","unclear","Settings appear to be selected from reported target results.","unclear","Repeated-run variability and inferential support are not reported clearly.","partial","The architecture and experiments are described, but complete reproducibility resources are not clear.","limited","Target adaptation and evaluation are insufficiently separated and settings appear target-result informed.","Targets domain mismatch but does not integrate open-set rejection and reliability.","","full_text_verified"
9,"R6",2025,"A novel open set Energy-based Flow Classifier for Network Intrusion Detection","10.1016/j.cose.2025.104569","https://doi.org/10.1016/j.cose.2025.104569","open-set recognition","Open-set","none","Reports AUROC 0.859 and AUPRC 0.993 on a reproduced CICIDS2017 open-set benchmark, with macro-F1 0.752 in closed-set testing.","clear","Cross-validation and leave-one-class-out evaluation are explicitly described.","clear","Preprocessing and evaluation scripts are reported, with no identified leakage concern.","not_applicable","The principal evidence is an open-set benchmark rather than a source-target domain-adaptation test.","clear","The open-set threshold is derived from training data.","clear","Cross-validation and confidence intervals are reported.","clear","The authors provide preprocessing and experimental scripts and a project repository.","higher","Cross-validation, leave-one-class-out testing, training-derived thresholding, and reproducibility resources are reported.","Useful open-set evidence but not a full deep-learning joint deployment test with cross-dataset reliability.","non_dl_open_set_method_context","full_text_verified"
10,"R7",2025,"Unknown intrusion traffic detection method based on unsupervised learning and open-set recognition","10.1038/s41598-025-01084-1","https://doi.org/10.1038/s41598-025-01084-1","open-set recognition","Open-set","none","Reports more than 88.5% accuracy for misuse detection and more than 88.2% for anomaly detection on CICIDS2017 open-set testing.","partial","The open-set construction is described, while an independent validation role is unclear.","partial","No specific leakage is established, but preprocessing and validation controls are incompletely reported.","not_applicable","The reported experiment is primarily a single-dataset open-set evaluation.","unclear","OpenMax and related operating-parameter selection are not tied clearly to independent validation data.","unclear","Repeated runs and variability reporting are insufficiently clear.","unclear","Code availability and complete rerun support are insufficiently clear.","moderate","The open-set design is interpretable, but validation, parameter selection, variability, and code reporting are limited.","Tests unknown-class handling but not rejection stability under target-dataset shift.","","full_text_verified"
11,"R10",2024,"Open Set Dandelion Network for IoT Intrusion Detection","10.1145/3639822","https://doi.org/10.1145/3639822","open-set recognition","Cross-dataset + open-set","cross-dataset adaptation","Reports OSDN open-set domain-adaptation results across source-target intrusion tasks, with ACC 53.78-76.18 and IND-mode accuracy 62.31-90.11 across openness settings up to 0.71.","partial","Source-target tasks are described, but split-selection detail is limited.","partial","No definite leakage is established, although target adaptation and split controls are not fully auditable.","clear","Unlabelled-target adaptation and openness settings are explicit.","unclear","Independent model and operating-setting selection is not reported clearly.","unclear","Repeated-run basis and variability reporting are limited.","partial","The method and tasks are described, but complete reproducibility resources are not clear.","moderate","Target adaptation is explicit, but split selection and variability reporting remain limited.","Provides pairwise cross-dataset and open-set evidence without calibration, uncertainty, or abstention.","","full_text_verified"
12,"R20",2025,"Toward Open-World Network Intrusion Detection via Open Recognition and Inspection","10.1109/TIFS.2025.3608666","https://doi.org/10.1109/TIFS.2025.3608666","open-set recognition","Open-set / inspection","unknown-sample inspection","Improves open-recognition accuracy over CADE by 1.08-1.92% on USTC-TFC2016, 0.91-3.21% on CIC-IDS2018, and 10.50% on TON-IoT.","clear","Known and unknown partitions are explicitly defined.","partial","No major leakage is identified, but the complete preprocessing-fit audit is not reported in the extraction.","not_applicable","The reported evidence uses within-dataset open-world partitions rather than source-target adaptation.","unclear","Key operating parameters are selected experimentally without an independent validation protocol.","partial","Comparative results are reported, while repeated-run uncertainty is not sufficiently clear.","partial","Method details are reported, but complete code and rerun resources are not clear.","moderate","Known and unknown partitions are clear, but operating-parameter selection is not independently validated.","Adds unknown-sample inspection but not cross-dataset reliability testing.","","full_text_verified"
13,"R25",2025,"nNFST: A single-model approach for multiclass novelty detection in network intrusion detection systems","10.1016/j.jnca.2025.104128","https://doi.org/10.1016/j.jnca.2025.104128","open-set recognition","Open-set","multiclass novelty detection","Reports 97.12-99.56% accuracy for multiclass classification, 94.53-99.33% for novel-attack detection, and MCC 0.825-0.975 for multiclass novelty detection.","clear","Leave-one-attack-out evaluation is explicitly described.","unclear","Preprocessing fitting is not tied clearly to training data only.","not_applicable","The principal evidence is within-dataset novelty testing rather than source-target adaptation.","unclear","The anomaly threshold is not tied clearly to training or validation data.","partial","Multiple novelty partitions are evaluated, but conventional repeated-run uncertainty is not clear.","partial","The method is described, while complete executable resources are not clearly reported.","moderate","Leave-one-attack-out testing is clear, but preprocessing and threshold independence are uncertain.","The result depends on selected novelty partitions and lacks cross-dataset calibration.","","full_text_verified"
14,"R30",2025,"Adaptive Semi-Supervised Algorithm for Intrusion Detection and Unknown Attack Identification","10.3390/app15041709","https://doi.org/10.3390/app15041709","open-set recognition","Open-set / anomaly","normal-only anomaly detection","Reports CIC-IDS2017 F1 95.2% and FOR 10.7%, and Kitsune F1 83.2% and FOR 15.8%, under normal-only training; for real-vehicle data, the abstract reports FOR 13% while the body reports FPR 0.130.","unclear","Attack-containing validation data serve as the principal evaluation set, weakening independent evaluation.","partial","No direct preprocessing leakage is established, but the validation-evaluation role is confounded.","not_applicable","The main experiments are normal-only anomaly evaluations rather than source-target adaptation.","unclear","The anomaly threshold and its selection data are not reported.","unclear","Repeated-run uncertainty is absent and the vehicle metric description is inconsistent.","partial","The article is accessible, but threshold details and internally consistent reporting are incomplete.","limited","Unreported thresholding and confounded validation substantially weaken the result.","Useful normal-only anomaly evidence, but it is closer to binary anomaly detection than full multiclass open-set deployment testing.","","full_text_verified"
15,"R2",2024,"Enhancing trustworthiness in ML-based network intrusion detection with uncertainty quantification","10.1007/s40860-024-00238-8","https://doi.org/10.1007/s40860-024-00238-8","reliability","Reliability + open-set","OoD and unknown-class stress","Evaluates uncertainty-aware OoD/open-set detection on ToN-IoT and CICIDS2017; detailed ToN-IoT 6U reports AUROC20* 0.72 and AUROC 0.92, while CICIDS results are averaged across scenarios.","clear","Training, validation, and testing roles are explicitly separated.","clear","No material leakage or test-set reuse was identified in the assessed protocol.","not_applicable","The principal evidence concerns OoD and unknown-class stress rather than source-target adaptation.","clear","Threshold selection is separated from held-out testing.","clear","Repeated runs and uncertainty estimates are reported.","partial","The experimental method is well reported, while complete public executable resources are not the sole basis of the rating.","higher","Data separation, threshold selection, repetitions, and uncertainty estimates are clearly reported.","Links uncertainty with unknown samples but not under a full cross-dataset source-target shift.","","full_text_verified"
16,"R13",2024,"Towards trustworthy cybersecurity operations using Bayesian Deep Learning to improve uncertainty quantification of anomaly detection","10.1016/j.cose.2024.103909","https://doi.org/10.1016/j.cose.2024.103909","reliability","Reliability","uncertainty rejection","Reports AUC-rejection 0.986±0.001 on UNSW-NB15 and 0.846±0.011 on CIC-IDS2017 using Bayesian autoencoder uncertainty.","partial","Train and test use are described, while an independent selection set is not fully clear.","partial","No definite leakage is established, but the selection protocol prevents a fully clear rating.","not_applicable","The two datasets are evaluated independently rather than through source-target adaptation.","unclear","Model or distribution selection appears to use the best observed reported result.","clear","Seven-seed results and variability are reported.","unclear","Code is not released.","moderate","Seven-seed reporting supports interpretation, but observed-result model selection and absent code limit confidence.","Evaluates uncertainty rejection without combining unknown attack families and cross-dataset shift.","","full_text_verified"
17,"R16",2024,"Trustable Network Intrusion Detection System through Wisdomnet and Uncertainty Measures","10.1109/LCN60385.2024.10639737","https://doi.org/10.1109/LCN60385.2024.10639737","reliability","Reliability / abstention","selective prediction","Reports base F1 values of 0.998, 0.994, 0.985, and 0.988; WisdomNet reaches near-zero or zero accepted-sample error in several settings at roughly 5-7% rejection, while some uncertainty-threshold settings require higher rejection.","clear","Validation-based thresholding and separate testing are reported.","partial","No major leakage is identified, although complete preprocessing controls are not documented in the extraction.","not_applicable","The assessment is a within-dataset selective-prediction evaluation.","clear","Rejection and uncertainty thresholds are selected using validation data.","unclear","Repeated runs and statistical uncertainty are absent.","unclear","Code is not released.","moderate","Validation-based thresholding and separate testing are clear, but statistical and code support are absent.","Rejection reduces accepted-sample error, but outcomes depend on threshold and coverage choices.","","full_text_verified"
18,"R17",2025,"Calibrated Uncertainty Estimation for Trustworthy Deep IoT Attack Detection","10.1109/TDSC.2025.3598350","https://doi.org/10.1109/TDSC.2025.3598350","reliability","Reliability + OoD","calibration and OoD stress","Reports 98.4% accuracy, about 4.86% false alarms on IoT-23, selected calibration temperature T=1.39, and 96.42% retention at the top-F1 operating point.","clear","A separate validation set is used for calibration.","clear","No material preprocessing or test-set leakage was identified for calibration fitting.","not_applicable","The reported shift is within the IoT-23 design rather than source-target dataset adaptation.","partial","Calibration fitting is independent, but selective thresholds and OoD subsets appear chosen from reported performance.","unclear","Repeated-run uncertainty is not reported.","partial","The method and calibration procedure are described, while complete rerun resources are not clear.","moderate","Independent calibration supports interpretation, but selective operating choices and absent repeated-run uncertainty limit confidence.","Does not provide a full source-target protocol with withheld attack families.","","full_text_verified"
19,"R18",2025,"Intrusion detection in Software-Defined Networking using hybrid Bayesian model averaging for reliable uncertainty quantification","10.1016/j.comnet.2025.111436","https://doi.org/10.1016/j.comnet.2025.111436","reliability","Reliability / uncertainty","uncertainty estimation","Reports 99.93% accuracy and F1 on InSDN, and 99.89% accuracy with 99.90% F1 on CIC-DDoS2019 using CNN-LSTM with MC Dropout and Bayesian model averaging.","unclear","Validation for model selection is unclear.","unclear","Normalisation is described before splitting, creating a material leakage concern.","not_applicable","The datasets are evaluated in separate within-dataset experiments, not a source-target protocol.","unclear","Independent model selection and operating-setting selection are not established.","unclear","Repeated-run uncertainty for the headline performance is not reported clearly.","partial","The architecture is described, but the protocol omissions prevent complete reproduction.","limited","Pre-split normalisation and unclear model selection materially weaken the reported evidence.","Quantifies uncertainty but does not jointly test cross-dataset generalization and unknown-attack rejection.","","full_text_verified"
20,"R5",2026,"Dataset-centric evaluation of federated intrusion detection models in IoT networks","10.1038/s41598-025-32567-w","https://doi.org/10.1038/s41598-025-32567-w","deployment adaptation or realism","Federated deployment","cross-dataset federation","Reports federated in-domain macro-F1 up to 98%, cross-dataset drops of up to 30 percentage points, and 15-25% communication reduction with FedNova.","partial","Federated and cross-dataset scenarios are described, but all split details are not fully auditable.","partial","No major leakage is established, although inconsistent reporting prevents a completely clear protocol rating.","clear","Feature and label harmonisation and dataset roles are explicit.","partial","The selection protocol is interpretable, but some implementation counts are inconsistent.","unclear","Results lack repeated-run uncertainty.","partial","The method is documented, but communication-round inconsistencies reduce reproducibility.","moderate","Explicit harmonisation supports interpretation, while inconsistent counts and absent repeated-run uncertainty limit confidence.","Shows federated deployment realism without combining unknown-attack rejection and calibrated abstention.","","full_text_verified"
21,"R9",2026,"FORT-IDS: a federated, optimized, robust and trustworthy intrusion detection system for IIoT security","10.1038/s41598-025-31025-x","https://doi.org/10.1038/s41598-025-31025-x","deployment adaptation or realism","IIoT deployment / efficiency","cross-dataset transfer and pruning","Reports asymmetric cross-dataset transfer, with F1=0.39 for DDoS->UNSW and F1=0.99 for UNSW->DDoS; replacing CNN-LSTM with a pruned CNN reduces median latency from 120 ms to 25 ms while accuracy changes from 98% to 92%.","clear","Leakage controls and repeated evaluation structure are described.","clear","No major leakage was identified in the assessed protocol.","partial","Source-target directions are explicit, but dataset counts and the role of target fine-tuning are inconsistent.","partial","The target-fine-tuning ambiguity prevents a fully independent source-only selection rating.","partial","Multi-seed and fold reporting are present, but exact statistical-test details and multiplicity correction are incomplete.","partial","Extensive implementation detail is present, but internal inconsistencies limit complete reproduction.","moderate","Leakage control and multi-seed support are strong, but target-fine-tuning and dataset-count inconsistencies remain.","Provides deployment measurement without closing the joint cross-dataset, open-set, and reliability gap.","","full_text_verified"
22,"R19",2025,"Class Incremental Learning for Network-Agnostic Intrusion Detection Systems","10.1109/RTSI64020.2025.11212335","https://doi.org/10.1109/RTSI64020.2025.11212335","deployment adaptation or realism","Continual adaptation","cross-network benign-traffic adaptation","Reports cross-network class-incremental adaptation: in the multiclass setting, iCaRL+ gives about 5% DropOld and 4% DropAll; in the binary misuse-detection setting, it reports about 99% F1 and 100% AUC.","unclear","The train-test partition is not reported clearly.","unclear","Insufficient partition detail prevents a clear leakage assessment.","clear","Target-network benign data used for adaptation are disclosed.","unclear","Independent model and operating-setting selection is not reported clearly.","unclear","Variability and repeated-run reporting are absent or unclear.","partial","The method and adaptation setting are described, but split and rerun details are incomplete.","limited","Unclear partitions and absent variability materially weaken the adaptation result.","Useful adaptation evidence but not a complete unknown-attack and calibrated-abstention protocol.","","full_text_verified"
23,"R26",2024,"Few-Shot Class-Incremental Learning for Network Intrusion Detection Systems","10.1109/OJCOMS.2024.3481895","https://doi.org/10.1109/OJCOMS.2024.3481895","deployment adaptation or realism","Few-shot class-incremental","few-shot attack adaptation","Reports up to 95% F1 on C_all, up to +5% over the non-FSCIL baseline, and about 95% F1 with a 10 s traffic-observation cutoff.","clear","Training, validation, test, support, and query sets are separated.","clear","No material leakage was identified in the episodic partitioning.","clear","Target support and query access are explicit.","partial","The 10 s observation cutoff is justified from reported sensitivity results and is not shown to be fixed using training or validation data alone.","clear","One hundred episodes with confidence intervals are reported.","partial","The experimental protocol is detailed, while complete executable resources are not clearly reported.","moderate","Strong partitioning and repeated episodic reporting are offset by test-independent cutoff uncertainty.","Useful for low-label attack adaptation but not complete open-set reliability evidence.","","full_text_verified"
24,"R27",2025,"Federated transfer learning for rare attack class detection in network intrusion detection systems","10.1038/s41598-025-02068-x","https://doi.org/10.1038/s41598-025-02068-x","deployment adaptation or realism","Federated transfer","rare-class and new-class adaptation","Reports 98.90% accuracy and 95.79% F1 on CSE-CIC-IDS2018, 98.70% and 95.41% on UNSW-NB15, and 97.92% and 94.56% on Edge-IIoT.","unclear","Split construction is not reported clearly enough for independent verification.","unclear","Label-dependent deployment metrics weaken the claimed zero-day design and leakage control is unclear.","partial","Multiple dataset settings are reported, but source-target access and label use are not fully distinguished.","unclear","Independent selection of settings is not established.","unclear","Detection variability and repeated-run support are not clear.","partial","The article reports methods and results, but key split and variability information is incomplete.","limited","Unclear splits, label-dependent new-class inference, and absent variability weaken confidence.","Shows multi-dataset federated learning without withheld unknown attacks and reliability under one rule.","","full_text_verified"
25,"R28",2024,"TICPS: A trustworthy collaborative intrusion detection framework for industrial cyber-physical systems","10.1016/j.adhoc.2024.103517","https://doi.org/10.1016/j.adhoc.2024.103517","deployment adaptation or realism","Robust deployment","poisoning robustness","Reports robustness under three poisoning attacks, with about 93-94% intrusion-detection accuracy when up to 80% of industrial agents are malicious.","clear","Data splits, poisoning scenarios, and device conditions are reported.","clear","No material leakage was identified in the described poisoning protocol.","not_applicable","The principal evaluation concerns poisoning robustness rather than source-target adaptation.","unclear","Settings are selected from test-accuracy sensitivity analysis.","unclear","No repeated-run uncertainty is reported.","partial","The attack and deployment conditions are documented, but complete rerun resources are not clear.","moderate","The robustness scenarios are clear, but test-informed setting selection and absent variability limit confidence.","Addresses poisoning robustness rather than cross-dataset open-set reliability.","","full_text_verified"
26,"R29",2026,"Scalable and Generalizable Cross-Domain Invariant Network Analysis and Intrusion Detection System Using Deep Learning","10.1109/OJCOMS.2026.3677692","https://doi.org/10.1109/OJCOMS.2026.3677692","deployment adaptation or realism","Feature stability / deployment realism","scalability and invariant-feature analysis","Reports merged-scenario accuracies of 99.73% on MQTT-bi, 99.77% on MQTT-uni, 99.79% on CICIDS2017, and 98.31% on ToN-IoT.","partial","Merged-scenario experiments are reported, but a central source-to-target test is not performed.","partial","No definite preprocessing leakage is established, while the evaluation design is insufficient for a clear rating.","unclear","The paper contains contradictory descriptions of cross-domain evaluation.","unclear","Independent setting selection for the claimed cross-domain evidence is not clear.","unclear","Repeated-run variability and statistical support are not reported clearly.","partial","The model and datasets are described, but contradictory protocol language limits reproduction.","limited","The absent source-target test and contradictory cross-domain descriptions materially weaken confidence.","Useful for scalability and invariant-feature analysis, but not a joint deployment-readiness test.","","full_text_verified"
27,"R31",2025,"FedMSE: Semi-supervised federated learning approach for IoT network intrusion detection","10.1016/j.cose.2025.104337","https://doi.org/10.1016/j.cose.2025.104337","deployment adaptation or realism","Low-label federated IoT","non-IID and partial-participation deployment","Reports FedMSE AUC/accuracy performance of 97.30±0.49 versus 93.98±2.90 in the high non-IID setting, with the same values under 50% gateway participation.","clear","Training, validation, development, and test sets are separated.","clear","No material leakage was identified in the documented pipeline.","clear","Label availability, non-IID conditions, and gateway participation are explicit.","clear","Development and validation data are separated from final testing.","clear","Five repetitions with variability are reported.","clear","Code and prepared data are released.","higher","Clear separation, five repetitions, and released resources provide strong support.","Relevant to practical IoT deployment, but unknown-attack rejection and reliability remain separate.","","full_text_verified"
28,"R32",2025,"Trustworthy Adaptive AI for Real-Time Intrusion Detection in Industrial IoT Security","10.3390/iot6030053","https://doi.org/10.3390/iot6030053","deployment adaptation or realism","Edge deployment","online adaptation and explainability","Reports 96.4% accuracy, 2.1% FPR, and about 35 ms latency on Raspberry Pi 5 in IIoT deployment.","unclear","SMOTE is applied before splitting and the online stream uses labelled test-then-train evaluation.","unclear","Pre-split SMOTE creates a material leakage concern.","not_applicable","The principal evidence is edge and online deployment rather than source-target adaptation.","unclear","Independent model and hyperparameter selection is not established clearly.","unclear","The significance narrative conflicts with the adjacent reported p-values.","partial","The architecture and hardware setup are described, but code and internally consistent statistics are not provided.","limited","Pre-split SMOTE, labelled test-then-train evaluation, and contradictory statistics materially weaken confidence.","Supports edge feasibility, but latency and accuracy do not prove cross-dataset open-set reliability.","primary_method_not_dl_centered","full_text_verified"
29,"R33",2024,"IDAC: Federated Learning-Based Intrusion Detection Using Autonomously Extracted Anomalies in IoT","10.3390/s24103218","https://doi.org/10.3390/s24103218","deployment adaptation or realism","Federated anomaly detection","autonomous attack-candidate sharing","Reports F1 greater than 81% across DDoS, OSScan, ServiceScan, Keylogging, and data exfiltration, with TNR greater than 0.91 in BoT-IoT-based IDAC scenarios.","partial","Evaluation scenarios are transparent, while a conventional independent split protocol is not fully described.","partial","No definite leakage is established, but partition controls are not reported fully enough for a clear rating.","not_applicable","The experiment evaluates federated attack-candidate sharing rather than source-target domain adaptation.","unclear","Hyperparameters are chosen from the same attack-specific results used for reporting.","unclear","Detection variability and repeated-run uncertainty are absent.","partial","Parameters and scenarios are documented, but complete rerun resources are not clearly released.","moderate","Transparent scenarios support interpretation, but test-informed hyperparameters and absent variability limit confidence.","Addresses federated anomaly extraction rather than all three deployment fronts under one protocol.","primary_method_not_dl_centered","full_text_verified"
